,Date,High,Low,Open,Close,Volume,Adj Close
0,2010-01-04,22.1924991607666,21.864999771118164,22.0,22.03499984741211,20180000.0,18.075037002563477
1,2010-01-05,21.88249969482422,21.5,21.825000762939453,21.782499313354492,25833600.0,17.867916107177734
2,2010-01-06,21.770000457763672,21.475000381469727,21.752500534057617,21.489999771118164,16254000.0,17.62797737121582
3,2010-01-07,21.75,21.387500762939453,21.49250030517578,21.690000534057617,27841200.0,17.792036056518555
4,2010-01-08,21.84749984741211,21.5575008392334,21.704999923706055,21.75,11907200.0,17.841249465942383
5,2010-01-11,21.985000610351562,21.542499542236328,21.877500534057617,21.6875,12912000.0,17.78998374938965
6,2010-01-12,21.762500762939453,21.462499618530273,21.645000457763672,21.584999084472656,12842000.0,17.705907821655273
7,2010-01-13,21.799999237060547,21.487499237060547,21.614999771118164,21.78499984741211,13428800.0,17.869964599609375
8,2010-01-14,21.88249969482422,21.625,21.74250030517578,21.860000610351562,18379600.0,17.931480407714844
9,2010-01-15,21.885000228881836,21.479999542236328,21.8700008392334,21.53499984741211,21295200.0,17.664894104003906
10,2010-01-19,22.102500915527344,21.424999237060547,21.542499542236328,21.962499618530273,15239600.0,18.015562057495117
11,2010-01-20,21.934999465942383,21.577499389648438,21.920000076293945,21.854999542236328,12771200.0,17.927385330200195
12,2010-01-21,21.975000381469727,21.030000686645508,21.862499237060547,21.112499237060547,28140800.0,17.318321228027344
13,2010-01-22,21.09749984741211,20.40999984741211,21.00749969482422,20.6825008392334,29776400.0,16.965599060058594
14,2010-01-25,20.952499389648438,20.352500915527344,20.850000381469727,20.50749969482422,16147200.0,16.82204818725586
15,2010-01-26,20.635000228881836,20.247499465942383,20.337499618530273,20.287500381469727,12437600.0,16.641582489013672
16,2010-01-27,21.032499313354492,20.15250015258789,20.219999313354492,20.977500915527344,19335200.0,17.207582473754883
17,2010-01-28,21.1200008392334,20.352500915527344,21.09000015258789,20.662500381469727,13070800.0,16.949193954467773
18,2010-01-29,21.2450008392334,20.467500686645508,20.649999618530273,20.50749969482422,20281600.0,16.82204818725586
19,2010-02-01,21.1875,20.549999237060547,20.572500228881836,20.915000915527344,16098000.0,17.156312942504883
20,2010-02-02,21.11750030517578,20.875,21.065000534057617,21.002500534057617,14441600.0,17.22809410095215
21,2010-02-03,21.122499465942383,20.524999618530273,21.059999465942383,20.8799991607666,32197600.0,17.12760353088379
22,2010-02-04,21.545000076293945,20.700000762939453,21.3125,20.762500762939453,66486800.0,17.031211853027344
23,2010-02-05,20.96500015258789,20.135000228881836,20.829999923706055,20.639999389648438,38687200.0,16.93073272705078
24,2010-02-08,21.094999313354492,20.639999389648438,20.725000381469727,20.762500762939453,23966800.0,17.031211853027344
25,2010-02-09,21.032499313354492,20.674999237060547,20.922500610351562,20.8174991607666,17968000.0,17.07633399963379
26,2010-02-10,20.977500915527344,20.72249984741211,20.872499465942383,20.90999984741211,14572800.0,17.25582504272461
27,2010-02-11,21.302499771118164,20.8125,20.947500228881836,21.28499984741211,18044800.0,17.565290451049805
28,2010-02-12,21.235000610351562,20.912500381469727,21.125,21.19499969482422,22114800.0,17.49101448059082
29,2010-02-16,21.485000610351562,21.299999237060547,21.3075008392334,21.469999313354492,16065600.0,17.71795654296875
30,2010-02-17,21.635000228881836,21.440000534057617,21.502500534057617,21.604999542236328,14976800.0,17.829368591308594
31,2010-02-18,21.862499237060547,21.5,21.5,21.739999771118164,15289200.0,17.940780639648438
32,2010-02-19,21.7450008392334,21.372499465942383,21.5,21.702499389648438,13672000.0,17.90983009338379
33,2010-02-22,21.940000534057617,21.702499389648438,21.762500762939453,21.727500915527344,11572800.0,17.930463790893555
34,2010-02-23,21.897499084472656,21.514999389648438,21.7549991607666,21.530000686645508,19129200.0,17.767478942871094
35,2010-02-24,21.65250015258789,21.1875,21.55500030517578,21.407499313354492,16210000.0,17.6663818359375
36,2010-02-25,21.360000610351562,20.934999465942383,21.1875,21.3075008392334,14140800.0,17.5838565826416
37,2010-02-26,21.43000030517578,21.2549991607666,21.395000457763672,21.31999969482422,12476400.0,17.594175338745117
38,2010-03-01,21.735000610351562,21.31999969482422,21.375,21.704999923706055,13495200.0,17.911890029907227
39,2010-03-02,21.7450008392334,21.5625,21.704999923706055,21.612499237060547,12901200.0,17.8355655670166
40,2010-03-03,21.802499771118164,21.559999465942383,21.649999618530273,21.700000762939453,13658000.0,17.90776252746582
41,2010-03-04,21.862499237060547,21.532499313354492,21.75,21.760000228881836,14576800.0,17.95728302001953
42,2010-03-05,22.139999389648438,21.774999618530273,21.850000381469727,22.127500534057617,19503600.0,18.26055908203125
43,2010-03-08,22.732500076293945,22.022499084472656,22.112499237060547,22.657499313354492,31258400.0,18.697938919067383
44,2010-03-09,22.917499542236328,22.46500015258789,22.5625,22.537500381469727,36690800.0,18.59890365600586
45,2010-03-10,22.952499389648438,22.387500762939453,22.434999465942383,22.8799991607666,28438800.0,18.88155746459961
46,2010-03-11,23.31999969482422,22.700000762939453,22.74250030517578,23.184999465942383,55125200.0,19.133251190185547
47,2010-03-12,23.407499313354492,23.162500381469727,23.292499542236328,23.3125,28641200.0,19.238468170166016
48,2010-03-15,23.287500381469727,22.780000686645508,23.217500686645508,23.102500915527344,20734000.0,19.065170288085938
49,2010-03-16,23.227500915527344,22.837499618530273,23.170000076293945,22.912500381469727,19068000.0,18.90837287902832
50,2010-03-17,23.102500915527344,22.809999465942383,23.030000686645508,22.877500534057617,14785200.0,18.879487991333008
51,2010-03-18,22.954999923706055,22.520000457763672,22.875,22.532499313354492,18766000.0,18.594783782958984
52,2010-03-19,22.6875,22.172500610351562,22.209999084472656,22.209999084472656,24224000.0,18.328636169433594
53,2010-03-22,22.4375,22.045000076293945,22.09749984741211,22.309999465942383,16674400.0,18.411165237426758
54,2010-03-23,22.575000762939453,22.3125,22.375,22.4950008392334,13516400.0,18.563831329345703
55,2010-03-24,22.485000610351562,22.147499084472656,22.399999618530273,22.1875,15611600.0,18.310077667236328
56,2010-03-25,22.94499969482422,22.372499465942383,22.420000076293945,22.602500915527344,20353600.0,18.652549743652344
57,2010-03-26,22.8125,22.412500381469727,22.6825008392334,22.5625,13536000.0,18.619539260864258
58,2010-03-29,22.790000915527344,22.53499984741211,22.642499923706055,22.559999465942383,11134400.0,18.617477416992188
59,2010-03-30,22.959999084472656,22.584999084472656,22.61750030517578,22.75,16330800.0,18.774272918701172
60,2010-03-31,23.049999237060547,22.6299991607666,22.674999237060547,22.75749969482422,12504400.0,18.78046417236328
61,2010-04-01,23.145000457763672,22.827499389648438,22.920000076293945,23.137500762939453,17464400.0,19.094058990478516
62,2010-04-05,23.299999237060547,23.024999618530273,23.262500762939453,23.11750030517578,15363200.0,19.077545166015625
63,2010-04-06,23.332500457763672,22.952499389648438,23.00749969482422,23.100000381469727,13813600.0,19.0631046295166
64,2010-04-07,23.125,22.657499313354492,23.125,22.677499771118164,14750400.0,18.714441299438477
65,2010-04-08,23.020000457763672,22.625,22.665000915527344,22.872499465942383,10770000.0,18.8753662109375
66,2010-04-09,23.15250015258789,22.912500381469727,22.985000610351562,23.1299991607666,9567200.0,19.087865829467773
67,2010-04-12,23.372499465942383,23.125,23.262500762939453,23.297500610351562,9323200.0,19.226093292236328
68,2010-04-13,23.447500228881836,23.040000915527344,23.352500915527344,23.197500228881836,11436000.0,19.143564224243164
69,2010-04-14,23.610000610351562,23.21500015258789,23.290000915527344,23.565000534057617,17329200.0,19.446847915649414
70,2010-04-15,23.815000534057617,23.482500076293945,23.59000015258789,23.612499237060547,20639200.0,19.486040115356445
71,2010-04-16,23.727500915527344,23.200000762939453,23.520000457763672,23.462499618530273,18766400.0,19.36225700378418
72,2010-04-19,23.545000076293945,23.020000457763672,23.299999237060547,23.280000686645508,12586400.0,19.211650848388672
73,2010-04-20,23.522499084472656,23.125,23.412500381469727,23.512500762939453,9090400.0,19.403520584106445
74,2010-04-21,23.594999313354492,23.21500015258789,23.587499618530273,23.282499313354492,11365600.0,19.213708877563477
75,2010-04-22,23.799999237060547,23.114999771118164,23.204999923706055,23.78499984741211,14658400.0,19.628400802612305
76,2010-04-23,24.204999923706055,23.8075008392334,24.049999237060547,24.147499084472656,12498800.0,19.92754364013672
77,2010-04-26,24.297500610351562,23.885000228881836,24.25749969482422,24.0,18274800.0,19.805831909179688
78,2010-04-27,24.0575008392334,23.22249984741211,23.987499237060547,23.237499237060547,17868400.0,19.17658042907715
79,2010-04-28,23.514999389648438,23.075000762939453,23.43000030517578,23.40250015258789,20395200.0,19.312744140625
80,2010-04-29,23.649999618530273,23.024999618530273,23.4424991607666,23.204999923706055,29408000.0,19.14975929260254
81,2010-04-30,23.342500686645508,22.5049991607666,23.31999969482422,22.5575008392334,25059600.0,18.615415573120117
82,2010-05-03,22.8174991607666,22.104999542236328,22.637500762939453,22.3174991607666,31020000.0,18.41735076904297
83,2010-05-04,22.737499237060547,22.030000686645508,22.334999084472656,22.092500686645508,30622800.0,18.231674194335938
84,2010-05-05,21.987499237060547,21.0,21.690000534057617,21.607500076293945,37174400.0,17.83143424987793
85,2010-05-06,21.639999389648438,18.977500915527344,21.462499618530273,20.729999542236328,63938000.0,17.10727882385254
86,2010-05-07,21.042499542236328,20.1875,20.764999389648438,20.572500228881836,45519200.0,16.977306365966797
87,2010-05-10,21.799999237060547,21.482500076293945,21.5625,21.497499465942383,35106800.0,17.740652084350586
88,2010-05-11,21.3125,20.78499984741211,21.282499313354492,21.040000915527344,47244000.0,17.36311149597168
89,2010-05-12,21.887500762939453,21.1875,21.260000228881836,21.420000076293945,37131600.0,17.782352447509766
90,2010-05-13,21.9950008392334,21.1299991607666,21.469999313354492,21.4325008392334,31835600.0,17.792724609375
91,2010-05-14,19.97249984741211,18.979999542236328,19.667499542236328,19.315000534057617,169829200.0,16.03482437133789
92,2010-05-17,19.809999465942383,18.417499542236328,19.6924991607666,18.677499771118164,90552000.0,15.505597114562988
93,2010-05-18,19.002500534057617,17.072500228881836,18.770000457763672,17.522499084472656,189331200.0,14.546734809875488
94,2010-05-19,18.549999237060547,17.677499771118164,17.677499771118164,18.24250030517578,131631200.0,15.144465446472168
95,2010-05-20,18.854999542236328,17.77750015258789,18.0,18.204999923706055,101612800.0,15.113335609436035
96,2010-05-21,19.0,18.002500534057617,18.002500534057617,18.549999237060547,79601200.0,15.399741172790527
97,2010-05-24,19.049999237060547,18.4375,18.860000610351562,18.637500762939453,41148000.0,15.47238540649414
98,2010-05-25,18.462499618530273,17.9424991607666,18.264999389648438,18.24250030517578,45448000.0,15.144465446472168
99,2010-05-26,18.797500610351562,18.34000015258789,18.53499984741211,18.350000381469727,44406000.0,15.233707427978516
100,2010-05-27,18.797500610351562,18.227500915527344,18.75,18.422500610351562,39094800.0,15.293902397155762
101,2010-05-28,18.375,18.0,18.342500686645508,18.114999771118164,26581200.0,15.038619041442871
102,2010-06-01,18.399999618530273,17.84000015258789,18.122499465942383,17.872499465942383,25082000.0,14.837298393249512
103,2010-06-02,17.967500686645508,17.5049991607666,17.864999771118164,17.8125,37608800.0,14.787489891052246
104,2010-06-03,18.302499771118164,17.915000915527344,17.982500076293945,18.209999084472656,39125600.0,15.117484092712402
105,2010-06-04,18.350000381469727,17.762500762939453,17.762500762939453,18.032499313354492,42138400.0,14.970134735107422
106,2010-06-07,18.44499969482422,17.887500762939453,18.0,17.97249984741211,30615200.0,14.92031478881836
107,2010-06-08,18.372499465942383,17.772499084472656,18.02750015258789,18.337499618530273,30502800.0,15.223333358764648
108,2010-06-09,18.8700008392334,18.295000076293945,18.530000686645508,18.450000762939453,35586800.0,15.316729545593262
109,2010-06-10,19.372499465942383,18.75,18.907499313354492,19.362499237060547,36380000.0,16.074262619018555
110,2010-06-11,19.22249984741211,18.837499618530273,19.127500534057617,19.020000457763672,30177200.0,15.789922714233398
111,2010-06-14,19.247499465942383,18.424999237060547,19.237499237060547,18.44499969482422,37456800.0,15.312577247619629
112,2010-06-15,19.239999771118164,18.475000381469727,18.61750030517578,19.232500076293945,31226400.0,15.966339111328125
113,2010-06-16,19.3125,18.90250015258789,19.045000076293945,19.292499542236328,28142000.0,16.01614761352539
114,2010-06-17,19.782499313354492,19.315000534057617,19.452499389648438,19.559999465942383,29133200.0,16.23821449279785
115,2010-06-18,19.8125,19.065000534057617,19.627500534057617,19.260000228881836,29732800.0,15.989166259765625
116,2010-06-21,20.947500228881836,18.854999542236328,19.489999771118164,20.225000381469727,115862800.0,16.7902889251709
117,2010-06-22,20.25,19.657499313354492,20.25,19.690000534057617,46870800.0,16.346145629882812
118,2010-06-23,19.739999771118164,19.202499389648438,19.739999771118164,19.440000534057617,27933600.0,16.138599395751953
119,2010-06-24,19.489999771118164,18.940000534057617,19.282499313354492,19.1200008392334,26277600.0,15.872947692871094
120,2010-06-25,19.352500915527344,18.912500381469727,19.25749969482422,19.165000915527344,24130400.0,15.91030216217041
121,2010-06-28,19.322500228881836,18.787500381469727,19.247499465942383,18.80500030517578,20523600.0,15.61143970489502
122,2010-06-29,18.61750030517578,17.774999618530273,18.56999969482422,17.862499237060547,39851600.0,14.828996658325195
123,2010-06-30,18.024999618530273,17.677499771118164,17.915000915527344,17.6875,24716400.0,14.683720588684082
124,2010-07-01,18.252500534057617,17.52750015258789,17.75,18.21500015258789,30360000.0,15.121638298034668
125,2010-07-02,18.447500228881836,18.145000457763672,18.309999465942383,18.295000076293945,18801200.0,15.1880521774292
126,2010-07-06,18.579999923706055,17.947500228881836,18.457500457763672,18.0674991607666,23726000.0,14.999186515808105
127,2010-07-07,18.729999542236328,18.037500381469727,18.170000076293945,18.704999923706055,20873600.0,15.528425216674805
128,2010-07-08,18.950000762939453,18.510000228881836,18.875,18.770000457763672,16231600.0,15.582386016845703
129,2010-07-09,19.399999618530273,18.905000686645508,19.059999465942383,19.344999313354492,22479600.0,16.059728622436523
130,2010-07-12,19.342500686645508,18.969999313354492,18.997499465942383,19.127500534057617,15832800.0,15.87916374206543
131,2010-07-13,19.450000762939453,18.86750030517578,19.450000762939453,19.147499084472656,19931600.0,15.895776748657227
132,2010-07-14,19.25,18.912500381469727,19.142499923706055,19.06999969482422,12814800.0,15.831432342529297
133,2010-07-15,19.15999984741211,18.565000534057617,19.09749984741211,18.81999969482422,16489200.0,15.623888969421387
134,2010-07-16,18.4375,17.8174991607666,18.399999618530273,17.862499237060547,39060000.0,14.828996658325195
135,2010-07-19,18.0625,17.717500686645508,18.052499771118164,17.80500030517578,20019200.0,14.781261444091797
136,2010-07-20,18.415000915527344,17.625,17.677499771118164,18.399999618530273,19106400.0,15.275214195251465
137,2010-07-21,18.502500534057617,17.982500076293945,18.497499465942383,18.09000015258789,15907600.0,15.017865180969238
138,2010-07-22,18.637500762939453,18.2549991607666,18.287500381469727,18.614999771118164,19493200.0,15.453703880310059
139,2010-07-23,18.99250030517578,18.512500762939453,18.61750030517578,18.897499084472656,12660800.0,15.688225746154785
140,2010-07-26,19.125,18.837499618530273,18.922500610351562,19.020000457763672,15792800.0,15.789922714233398
141,2010-07-27,19.3174991607666,18.967500686645508,19.25,19.15250015258789,17352400.0,15.899924278259277
142,2010-07-28,19.209999084472656,18.774999618530273,19.037500381469727,18.795000076293945,25205200.0,15.60313606262207
143,2010-07-29,18.719999313354492,17.837499618530273,18.690000534057617,17.9950008392334,58866800.0,14.938998222351074
144,2010-07-30,18.407499313354492,17.842500686645508,17.897499084472656,18.337499618530273,30784800.0,15.223333358764648
145,2010-08-02,18.09749984741211,17.74250030517578,17.7450008392334,18.0575008392334,53846800.0,14.990884780883789
146,2010-08-03,18.3799991607666,17.857500076293945,17.907499313354492,18.25,34164800.0,15.150688171386719
147,2010-08-04,18.350000381469727,18.094999313354492,18.302499771118164,18.112499237060547,20499200.0,15.036543846130371
148,2010-08-05,18.100000381469727,17.829999923706055,18.032499313354492,17.875,30787600.0,14.839372634887695
149,2010-08-06,18.049999237060547,17.71500015258789,17.787500381469727,18.03499984741211,19362800.0,14.972204208374023
150,2010-08-09,18.717500686645508,18.202499389648438,18.280000686645508,18.684999465942383,28612400.0,15.511822700500488
151,2010-08-10,18.9325008392334,18.514999389648438,18.514999389648438,18.8174991607666,31068400.0,15.621810913085938
152,2010-08-11,18.587499618530273,18.25,18.5,18.377500534057617,23113600.0,15.358567237854004
153,2010-08-12,18.547500610351562,18.13249969482422,18.19499969482422,18.2450008392334,24677200.0,15.247828483581543
154,2010-08-13,18.280000686645508,18.037500381469727,18.235000610351562,18.05500030517578,14566800.0,15.089042663574219
155,2010-08-16,18.309999465942383,17.950000762939453,18.020000457763672,18.207500457763672,10700800.0,15.21649169921875
156,2010-08-17,18.4424991607666,18.110000610351562,18.362499237060547,18.34000015258789,13334000.0,15.327227592468262
157,2010-08-18,18.344999313354492,18.1299991607666,18.270000457763672,18.219999313354492,12232000.0,15.226929664611816
158,2010-08-19,18.1825008392334,17.875,18.104999542236328,17.907499313354492,18442400.0,14.965773582458496
159,2010-08-20,17.897499084472656,17.395000457763672,17.822500228881836,17.524999618530273,31538400.0,14.646105766296387
160,2010-08-23,17.825000762939453,17.399999618530273,17.637500762939453,17.530000686645508,18389600.0,14.650285720825195
161,2010-08-24,17.74250030517578,17.25,17.377500534057617,17.665000915527344,26747600.0,14.763107299804688
162,2010-08-25,18.03499984741211,17.5674991607666,17.577499389648438,17.71500015258789,22398800.0,14.804895401000977
163,2010-08-26,17.850000381469727,17.469999313354492,17.802499771118164,17.477500915527344,14099200.0,14.60640811920166
164,2010-08-27,17.782499313354492,17.399999618530273,17.59749984741211,17.77750015258789,15654000.0,14.857128143310547
165,2010-08-30,17.850000381469727,17.385000228881836,17.74250030517578,17.385000228881836,14000000.0,14.529102325439453
166,2010-08-31,17.524999618530273,17.002500534057617,17.385000228881836,17.2450008392334,23217200.0,14.412104606628418
167,2010-09-01,17.684999465942383,17.267499923706055,17.457500457763672,17.63249969482422,17290400.0,14.735946655273438
168,2010-09-02,18.0625,17.665000915527344,17.7450008392334,17.9950008392334,16776800.0,15.038896560668945
169,2010-09-03,18.28499984741211,18.020000457763672,18.25,18.125,14072000.0,15.147540092468262
170,2010-09-07,18.2450008392334,17.834999084472656,17.967500686645508,17.875,14419200.0,14.938607215881348
171,2010-09-08,17.667499542236328,17.075000762939453,17.587499618530273,17.137500762939453,45012000.0,14.322261810302734
172,2010-09-09,17.24250030517578,16.517499923706055,17.19499969482422,16.69499969482422,53064000.0,13.952448844909668
173,2010-09-10,17.1200008392334,16.670000076293945,16.709999084472656,17.022499084472656,31392000.0,14.226154327392578
174,2010-09-13,17.0,16.225000381469727,17.0,16.3700008392334,60549200.0,13.680843353271484
175,2010-09-14,16.987499237060547,16.387500762939453,16.407499313354492,16.780000686645508,39616000.0,14.023491859436035
176,2010-09-15,17.375,16.899999618530273,16.93000030517578,17.232500076293945,43076400.0,14.401655197143555
177,2010-09-16,17.302499771118164,17.014999389648438,17.202499389648438,17.094999313354492,29800400.0,14.286742210388184
178,2010-09-17,17.25,17.047500610351562,17.1924991607666,17.122499465942383,41961600.0,14.309725761413574
179,2010-09-20,17.579999923706055,17.017499923706055,17.125,17.577499389648438,29386800.0,14.689979553222656
180,2010-09-21,17.77750015258789,17.3799991607666,17.612499237060547,17.485000610351562,25300000.0,14.612676620483398
181,2010-09-22,17.717500686645508,17.487499237060547,17.520000457763672,17.655000686645508,25826400.0,14.75474739074707
182,2010-09-23,17.864999771118164,17.475000381469727,17.512500762939453,17.7450008392334,26984000.0,14.829963684082031
183,2010-09-24,18.092500686645508,17.84000015258789,17.9375,18.092500686645508,21028800.0,15.120380401611328
184,2010-09-27,18.372499465942383,17.975000381469727,18.1924991607666,18.25,20098400.0,15.252004623413086
185,2010-09-28,18.399999618530273,18.137500762939453,18.232500076293945,18.3174991607666,29212800.0,15.308419227600098
186,2010-09-29,18.625,18.219999313354492,18.252500534057617,18.602500915527344,27882000.0,15.546601295471191
187,2010-09-30,18.74250030517578,18.452499389648438,18.684999465942383,18.565000534057617,23144000.0,15.51526165008545
188,2010-10-01,18.6924991607666,18.292499542236328,18.684999465942383,18.329999923706055,18121600.0,15.318862915039062
189,2010-10-04,18.59000015258789,18.145000457763672,18.315000534057617,18.309999465942383,23152000.0,15.302146911621094
190,2010-10-05,18.747499465942383,18.415000915527344,18.530000686645508,18.747499465942383,20658000.0,15.667781829833984
191,2010-10-06,18.875,18.450000762939453,18.764999389648438,18.5575008392334,15120800.0,15.50899887084961
192,2010-10-07,18.697500228881836,18.385000228881836,18.56999969482422,18.40250015258789,9975200.0,15.379448890686035
193,2010-10-08,18.512500762939453,18.292499542236328,18.422500610351562,18.5,9381600.0,15.46093463897705
194,2010-10-11,18.697500228881836,18.457500457763672,18.462499618530273,18.572500228881836,10399200.0,15.521529197692871
195,2010-10-12,18.63249969482422,18.389999389648438,18.530000686645508,18.5625,13899200.0,15.513172149658203
196,2010-10-13,19.25,18.575000762939453,18.677499771118164,19.235000610351562,29848000.0,16.07520294189453
197,2010-10-14,19.4325008392334,19.072500228881836,19.165000915527344,19.292499542236328,21303200.0,16.123252868652344
198,2010-10-15,19.475000381469727,19.155000686645508,19.440000534057617,19.399999618530273,14348000.0,16.213096618652344
199,2010-10-18,19.592500686645508,19.1875,19.377500534057617,19.59000015258789,20168800.0,16.371885299682617
200,2010-10-19,19.889999389648438,19.309999465942383,19.40250015258789,19.387500762939453,28970400.0,16.202646255493164
201,2010-10-20,19.982500076293945,19.315000534057617,19.440000534057617,19.8799991607666,19824000.0,16.61424446105957
202,2010-10-21,20.219999313354492,19.645000457763672,19.862499237060547,19.799999237060547,19506400.0,16.547382354736328
203,2010-10-22,19.967500686645508,19.677499771118164,19.787500381469727,19.822500228881836,14815600.0,16.56618881225586
204,2010-10-25,20.177499771118164,19.912500381469727,20.002500534057617,20.157499313354492,16515600.0,16.846155166625977
205,2010-10-26,20.082500457763672,19.844999313354492,20.045000076293945,20.00749969482422,15630400.0,16.72079849243164
206,2010-10-27,20.149999618530273,19.790000915527344,20.072500228881836,19.979999542236328,20665600.0,16.697813034057617
207,2010-10-28,19.875,18.829999923706055,19.834999084472656,19.112499237060547,44460800.0,15.972814559936523
208,2010-10-29,19.607500076293945,19.084999084472656,19.100000381469727,19.540000915527344,22865200.0,16.330095291137695
209,2010-11-01,19.69499969482422,19.174999237060547,19.645000457763672,19.329999923706055,13677200.0,16.154590606689453
210,2010-11-02,19.667499542236328,19.3700008392334,19.540000915527344,19.604999542236328,15381600.0,16.384414672851562
211,2010-11-03,19.80500030517578,19.5,19.642499923706055,19.75,14124400.0,16.505592346191406
212,2010-11-04,20.024999618530273,19.764999389648438,19.927499771118164,19.997499465942383,20202000.0,16.712438583374023
213,2010-11-05,20.11750030517578,19.787500381469727,20.0674991607666,19.950000762939453,23766400.0,16.672740936279297
214,2010-11-08,19.957500457763672,19.649999618530273,19.850000381469727,19.677499771118164,12224800.0,16.445005416870117
215,2010-11-09,19.875,19.510000228881836,19.747499465942383,19.579999923706055,10806400.0,16.363523483276367
216,2010-11-10,19.827499389648438,19.502500534057617,19.625,19.822500228881836,11910800.0,16.56618881225586
217,2010-11-11,19.872499465942383,19.510000228881836,19.727500915527344,19.80500030517578,9205200.0,16.551559448242188
218,2010-11-12,19.702499389648438,19.227500915527344,19.642499923706055,19.235000610351562,13316000.0,16.07520294189453
219,2010-11-15,19.46500015258789,19.079999923706055,19.3799991607666,19.09000015258789,13310000.0,15.95401668548584
220,2010-11-16,19.075000762939453,18.565000534057617,18.889999389648438,18.747499465942383,20359200.0,15.667781829833984
221,2010-11-17,19.087499618530273,18.71500015258789,18.725000381469727,18.9325008392334,14880000.0,15.950008392333984
222,2010-11-18,19.274999618530273,19.042499542236328,19.0674991607666,19.235000610351562,17200800.0,16.20486068725586
223,2010-11-19,19.389999389648438,19.190000534057617,19.200000762939453,19.262500762939453,10312000.0,16.228025436401367
224,2010-11-22,19.2450008392334,18.81999969482422,19.167499542236328,18.864999771118164,19955600.0,15.89313793182373
225,2010-11-23,18.787500381469727,18.627500534057617,18.75,18.662500381469727,14625600.0,15.72254753112793
226,2010-11-24,19.0,18.787500381469727,18.877500534057617,18.954999923706055,17354800.0,15.968960762023926
227,2010-11-26,18.947500228881836,18.8075008392334,18.825000762939453,18.8700008392334,4349600.0,15.897357940673828
228,2010-11-29,18.8075008392334,18.229999542236328,18.8075008392334,18.547500610351562,21576400.0,15.62565803527832
229,2010-11-30,18.56999969482422,18.3125,18.385000228881836,18.462499618530273,18542000.0,15.554047584533691
230,2010-12-01,18.8700008392334,18.612499237060547,18.735000610351562,18.80500030517578,22343200.0,15.842591285705566
231,2010-12-02,19.267499923706055,18.877500534057617,18.892499923706055,19.25,26758800.0,16.217487335205078
232,2010-12-03,19.385000228881836,19.05500030517578,19.1825008392334,19.337499618530273,20678400.0,16.29120445251465
233,2010-12-06,19.587499618530273,19.287500381469727,19.325000762939453,19.577499389648438,18351200.0,16.493398666381836
234,2010-12-07,19.9424991607666,19.202499389648438,19.747499465942383,19.219999313354492,25374800.0,16.192214965820312
235,2010-12-08,19.537500381469727,19.25,19.25,19.485000610351562,14308800.0,16.415468215942383
236,2010-12-09,19.797500610351562,19.325000762939453,19.537500381469727,19.780000686645508,14858400.0,16.66399574279785
237,2010-12-10,20.059999465942383,19.75749969482422,19.75749969482422,20.049999237060547,23734800.0,16.891469955444336
238,2010-12-13,20.4375,19.875,20.075000762939453,20.22249984741211,40988400.0,17.036788940429688
239,2010-12-14,20.297500610351562,20.037500381469727,20.1924991607666,20.15999984741211,24787600.0,16.9841365814209
240,2010-12-15,20.094999313354492,19.1875,20.047500610351562,19.235000610351562,45802000.0,16.20486068725586
241,2010-12-16,19.875,16.647499084472656,19.295000076293945,16.797500610351562,202230800.0,14.151339530944824
242,2010-12-17,17.145000457763672,16.625,17.075000762939453,16.725000381469727,167890800.0,14.09026050567627
243,2010-12-20,17.05500030517578,16.75,16.875,16.997499465942383,64190800.0,14.31983470916748
244,2010-12-21,17.212499618530273,16.969999313354492,17.170000076293945,17.012500762939453,43468400.0,14.33246898651123
245,2010-12-22,17.1924991607666,17.014999389648438,17.0674991607666,17.137500762939453,23286800.0,14.437779426574707
246,2010-12-23,17.232500076293945,17.065000534057617,17.082500457763672,17.1825008392334,16600800.0,14.475687980651855
247,2010-12-27,17.792499542236328,17.162500381469727,17.170000076293945,17.702499389648438,31037600.0,14.913773536682129
248,2010-12-28,17.950000762939453,17.625,17.84000015258789,17.6825008392334,19129600.0,14.89692497253418
249,2010-12-29,17.795000076293945,17.582500457763672,17.727500915527344,17.649999618530273,12998000.0,14.869540214538574
250,2010-12-30,17.6875,17.530000686645508,17.68000030517578,17.572500228881836,11019200.0,14.804253578186035
251,2010-12-31,17.61750030517578,17.487499237060547,17.56999969482422,17.594999313354492,11102000.0,14.82320785522461
252,2011-01-03,17.729999542236328,17.547500610351562,17.600000381469727,17.6299991607666,25710000.0,14.85269546508789
253,2011-01-04,17.737499237060547,17.565000534057617,17.732500076293945,17.649999618530273,18138000.0,14.869540214538574
254,2011-01-05,18.082500457763672,17.670000076293945,17.709999084472656,18.022499084472656,38512800.0,15.183356285095215
255,2011-01-06,18.387500762939453,18.127500534057617,18.1825008392334,18.292499542236328,28358800.0,15.410825729370117
256,2011-01-07,18.387500762939453,18.125,18.360000610351562,18.239999771118164,28248400.0,15.366601943969727
257,2011-01-10,18.309999465942383,17.94499969482422,18.174999237060547,17.952499389648438,18202400.0,15.124390602111816
258,2011-01-11,18.1299991607666,17.887500762939453,18.012500762939453,17.969999313354492,20593600.0,15.139126777648926
259,2011-01-12,18.157499313354492,17.997499465942383,18.0,18.15250015258789,18545200.0,15.29288387298584
260,2011-01-13,18.31999969482422,17.729999542236328,18.282499313354492,17.78499984741211,28109600.0,14.983278274536133
261,2011-01-14,17.887500762939453,17.684999465942383,17.8174991607666,17.780000686645508,25165600.0,14.979063034057617
262,2011-01-18,17.837499618530273,17.684999465942383,17.8174991607666,17.802499771118164,19341600.0,14.998018264770508
263,2011-01-19,17.760000228881836,17.112499237060547,17.739999771118164,17.280000686645508,42852800.0,14.557835578918457
264,2011-01-20,17.885000228881836,16.877500534057617,17.172500610351562,17.672500610351562,81365200.0,14.888494491577148
265,2011-01-21,17.75,17.477500915527344,17.627500534057617,17.537500381469727,24783600.0,14.774761199951172
266,2011-01-24,17.957500457763672,17.545000076293945,17.5575008392334,17.947500228881836,22922000.0,15.1201810836792
267,2011-01-25,18.094999313354492,17.577499389648438,17.792499542236328,17.895000457763672,30279600.0,15.075948715209961
268,2011-01-26,18.03499984741211,17.737499237060547,17.975000381469727,17.75,17839600.0,14.953791618347168
269,2011-01-27,17.80500030517578,17.627500534057617,17.764999389648438,17.649999618530273,19417200.0,14.869540214538574
270,2011-01-28,17.732500076293945,17.354999542236328,17.700000762939453,17.364999771118164,25048400.0,14.629439353942871
271,2011-01-31,17.59000015258789,17.337499618530273,17.475000381469727,17.462499618530273,24602800.0,14.711580276489258
272,2011-02-01,17.9325008392334,17.552499771118164,17.552499771118164,17.674999237060547,25448800.0,14.890604972839355
273,2011-02-02,18.022499084472656,17.6875,17.767499923706055,18.022499084472656,27162400.0,15.183356285095215
274,2011-02-03,18.1200008392334,17.75,17.9325008392334,17.907499313354492,33462800.0,15.086483001708984
275,2011-02-04,18.25,17.899999618530273,17.9950008392334,18.225000381469727,28833600.0,15.353962898254395
276,2011-02-07,18.53499984741211,18.229999542236328,18.2450008392334,18.482500076293945,22240400.0,15.570894241333008
277,2011-02-08,18.645000457763672,18.454999923706055,18.49250030517578,18.642499923706055,15376000.0,15.70569133758545
278,2011-02-09,18.68000030517578,18.274999618530273,18.44499969482422,18.31999969482422,18674400.0,15.559186935424805
279,2011-02-10,18.787500381469727,18.225000381469727,18.225000381469727,18.684999465942383,24752400.0,15.869187355041504
280,2011-02-11,18.782499313354492,18.56999969482422,18.649999618530273,18.732500076293945,17280400.0,15.909523010253906
281,2011-02-14,19.235000610351562,18.625,18.747499465942383,18.934999465942383,28970800.0,16.081512451171875
282,2011-02-15,18.977500915527344,18.772499084472656,18.927499771118164,18.90250015258789,15855200.0,16.05390167236328
283,2011-02-16,19.052499771118164,18.864999771118164,18.934999465942383,18.989999771118164,20147200.0,16.128217697143555
284,2011-02-17,19.18000030517578,18.862499237060547,18.9375,19.03499984741211,23475600.0,16.166439056396484
285,2011-02-18,19.270000457763672,18.892499923706055,19.145000457763672,18.957500457763672,26009600.0,16.10062026977539
286,2011-02-22,18.774999618530273,18.27750015258789,18.584999084472656,18.434999465942383,31588800.0,15.65685749053955
287,2011-02-23,18.637500762939453,18.19499969482422,18.40999984741211,18.219999313354492,28714800.0,15.474251747131348
288,2011-02-24,18.559999465942383,18.157499313354492,18.165000915527344,18.477500915527344,19613200.0,15.692951202392578
289,2011-02-25,18.850000381469727,18.545000076293945,18.545000076293945,18.670000076293945,24869600.0,15.856443405151367
290,2011-02-28,18.8174991607666,18.25749969482422,18.71500015258789,18.262500762939453,24857200.0,15.510353088378906
291,2011-03-01,18.719999313354492,18.127500534057617,18.467500686645508,18.174999237060547,26993600.0,15.436041831970215
292,2011-03-02,18.55500030517578,18.127500534057617,18.145000457763672,18.49250030517578,21544000.0,15.70569133758545
293,2011-03-03,18.975000381469727,18.639999389648438,18.674999237060547,18.957500457763672,20388000.0,16.10062026977539
294,2011-03-04,18.985000610351562,18.5049991607666,18.96500015258789,18.672500610351562,19520000.0,15.85857105255127
295,2011-03-07,18.80500030517578,18.5,18.649999618530273,18.537500381469727,18637200.0,15.743915557861328
296,2011-03-08,18.727500915527344,18.327499389648438,18.612499237060547,18.542499542236328,33497600.0,15.748151779174805
297,2011-03-09,18.665000915527344,18.325000762939453,18.600000381469727,18.427499771118164,17861600.0,15.65048885345459
298,2011-03-10,18.329999923706055,17.8075008392334,18.329999923706055,17.850000381469727,28557600.0,15.160017967224121
299,2011-03-11,18.19499969482422,17.80500030517578,17.844999313354492,18.127500534057617,17335600.0,15.395695686340332
300,2011-03-14,18.1825008392334,17.907499313354492,17.975000381469727,17.96500015258789,13971600.0,15.257685661315918
301,2011-03-15,17.950000762939453,17.612499237060547,17.725000381469727,17.799999237060547,24180400.0,15.117547988891602
302,2011-03-16,17.987499237060547,17.670000076293945,17.854999542236328,17.739999771118164,24056800.0,15.066593170166016
303,2011-03-17,18.0,17.782499313354492,17.897499084472656,17.857500076293945,13790400.0,15.166389465332031
304,2011-03-18,18.03499984741211,17.729999542236328,18.030000686645508,17.854999542236328,25268400.0,15.16425895690918
305,2011-03-21,18.079999923706055,17.907499313354492,17.959999084472656,17.989999771118164,14807600.0,15.278913497924805
306,2011-03-22,17.989999771118164,17.799999237060547,17.950000762939453,17.899999618530273,15354400.0,15.202476501464844
307,2011-03-23,18.092500686645508,17.837499618530273,17.837499618530273,17.997499465942383,17580000.0,15.285287857055664
308,2011-03-24,18.212499618530273,17.885000228881836,18.05500030517578,18.165000915527344,20558800.0,15.427547454833984
309,2011-03-25,18.227500915527344,18.012500762939453,18.1200008392334,18.022499084472656,29466800.0,15.306516647338867
310,2011-03-28,18.274999618530273,17.989999771118164,18.09749984741211,18.1875,23174800.0,15.446654319763184
311,2011-03-29,18.11750030517578,17.9375,18.09000015258789,18.049999237060547,23558400.0,15.329874992370605
312,2011-03-30,18.834999084472656,18.417499542236328,18.485000610351562,18.5575008392334,59673200.0,15.760905265808105
313,2011-03-31,18.729999542236328,18.399999618530273,18.627500534057617,18.405000686645508,18555200.0,15.631380081176758
314,2011-04-01,18.61750030517578,18.315000534057617,18.497499465942383,18.55500030517578,17270000.0,15.758774757385254
315,2011-04-04,18.8125,18.510000228881836,18.547500610351562,18.809999465942383,15529200.0,15.975346565246582
316,2011-04-05,18.979999542236328,18.700000762939453,18.795000076293945,18.905000686645508,18078800.0,16.056026458740234
317,2011-04-06,19.0,18.88249969482422,18.927499771118164,19.0,18132000.0,16.1367130279541
318,2011-04-07,19.137500762939453,18.93000030517578,19.02750015258789,19.102500915527344,22079200.0,16.223770141601562
319,2011-04-08,19.43000030517578,19.079999923706055,19.204999923706055,19.18000030517578,23977200.0,16.289583206176758
320,2011-04-11,19.440000534057617,19.174999237060547,19.200000762939453,19.427499771118164,19004400.0,16.49979019165039
321,2011-04-12,19.395000457763672,19.1924991607666,19.229999542236328,19.25749969482422,20512000.0,16.355409622192383
322,2011-04-13,19.497499465942383,19.299999237060547,19.34000015258789,19.375,18258400.0,16.4552001953125
323,2011-04-14,19.315000534057617,19.040000915527344,19.28499984741211,19.077499389648438,18609200.0,16.202531814575195
324,2011-04-15,19.25,19.014999389648438,19.11750030517578,19.11750030517578,20256000.0,16.23650550842285
325,2011-04-18,19.075000762939453,18.862499237060547,18.895000457763672,18.920000076293945,15332000.0,16.068767547607422
326,2011-04-19,18.9950008392334,18.790000915527344,18.872499465942383,18.979999542236328,14261200.0,16.11972999572754
327,2011-04-20,19.477500915527344,19.102500915527344,19.15250015258789,19.342500686645508,14838400.0,16.42759895324707
328,2011-04-21,19.4950008392334,19.262500762939453,19.34000015258789,19.4424991607666,10989600.0,16.512523651123047
329,2011-04-25,19.467500686645508,19.325000762939453,19.4424991607666,19.440000534057617,7126400.0,16.510398864746094
330,2011-04-26,19.75,19.350000381469727,19.450000762939453,19.6924991607666,15200000.0,16.724857330322266
331,2011-04-27,19.74250030517578,19.47249984741211,19.700000762939453,19.72249984741211,8982400.0,16.75033950805664
332,2011-04-28,19.709999084472656,19.387500762939453,19.709999084472656,19.415000915527344,11416000.0,16.48917579650879
333,2011-04-29,19.612499237060547,19.389999389648438,19.424999237060547,19.530000686645508,10877600.0,16.586837768554688
334,2011-05-02,19.917499542236328,19.614999771118164,19.614999771118164,19.78499984741211,13503600.0,16.80341339111328
335,2011-05-03,20.042499542236328,19.825000762939453,19.907499313354492,20.0,18944800.0,16.98601531982422
336,2011-05-04,20.037500381469727,19.762500762939453,19.962499618530273,19.9424991607666,17334400.0,16.937177658081055
337,2011-05-05,19.842500686645508,19.549999237060547,19.774999618530273,19.674999237060547,20991600.0,16.709985733032227
338,2011-05-06,19.96500015258789,19.5674991607666,19.625,19.852500915527344,29754400.0,16.860742568969727
339,2011-05-09,19.9950008392334,19.760000228881836,19.782499313354492,19.96500015258789,19093200.0,16.956283569335938
340,2011-05-10,20.174999237060547,19.93000030517578,19.99250030517578,20.087499618530273,19706400.0,17.06032943725586
341,2011-05-11,20.0625,19.737499237060547,20.05500030517578,19.834999084472656,17667600.0,16.845876693725586
342,2011-05-12,20.012500762939453,19.770000457763672,19.772499084472656,19.982500076293945,25078400.0,16.97115135192871
343,2011-05-13,20.045000076293945,19.924999237060547,20.0,19.977500915527344,21474000.0,16.96690559387207
344,2011-05-16,20.325000762939453,19.780000686645508,19.787500381469727,19.985000610351562,18763200.0,16.973278045654297
345,2011-05-17,20.200000762939453,19.9375,19.950000762939453,20.149999618530273,22112000.0,17.11341094970703
346,2011-05-18,20.107500076293945,19.8700008392334,20.107500076293945,20.002500534057617,20127200.0,17.11554718017578
347,2011-05-19,20.03499984741211,19.852500915527344,20.032499313354492,19.90999984741211,14941200.0,17.036396026611328
348,2011-05-20,19.959999084472656,19.5575008392334,19.834999084472656,19.5575008392334,17216000.0,16.73476791381836
349,2011-05-23,19.434999465942383,19.149999618530273,19.272499084472656,19.229999542236328,18258400.0,16.45453643798828
350,2011-05-24,19.44499969482422,19.165000915527344,19.252500534057617,19.399999618530273,14828400.0,16.600008010864258
351,2011-05-25,19.770000457763672,19.15250015258789,19.239999771118164,19.6875,18002800.0,16.846010208129883
352,2011-05-26,19.84000015258789,19.40999984741211,19.642499923706055,19.822500228881836,21110800.0,16.961530685424805
353,2011-05-27,19.959999084472656,19.592500686645508,19.665000915527344,19.950000762939453,15344800.0,17.070621490478516
354,2011-05-31,20.27750015258789,20.002500534057617,20.0049991607666,20.264999389648438,15274400.0,17.340164184570312
355,2011-06-01,20.190000534057617,19.795000076293945,20.190000534057617,19.795000076293945,17732800.0,16.9379940032959
356,2011-06-02,20.204999923706055,19.787500381469727,19.797500610351562,20.174999237060547,19466400.0,17.26314926147461
357,2011-06-03,20.09000015258789,19.739999771118164,19.952499389648438,19.782499313354492,18954400.0,16.927303314208984
358,2011-06-06,19.892499923706055,19.537500381469727,19.75,19.549999237060547,17628000.0,16.728361129760742
359,2011-06-07,20.032499313354492,19.6299991607666,19.700000762939453,19.954999923706055,27764800.0,17.074905395507812
360,2011-06-08,19.672500610351562,18.592500686645508,19.672500610351562,19.177499771118164,80785200.0,16.40962028503418
361,2011-06-09,19.1825008392334,18.969999313354492,19.06999969482422,19.107500076293945,32074000.0,16.34972381591797
362,2011-06-10,19.077499389648438,18.637500762939453,19.052499771118164,18.672500610351562,29456800.0,15.977508544921875
363,2011-06-13,18.78499984741211,18.575000762939453,18.712499618530273,18.71500015258789,20820000.0,16.013874053955078
364,2011-06-14,19.0674991607666,18.707500457763672,18.77750015258789,18.982500076293945,30033600.0,16.242761611938477
365,2011-06-15,19.00749969482422,18.702499389648438,18.885000228881836,18.709999084472656,22775600.0,16.00959014892578
366,2011-06-16,18.844999313354492,18.594999313354492,18.700000762939453,18.719999313354492,21041600.0,16.018144607543945
367,2011-06-17,18.872499465942383,18.549999237060547,18.852500915527344,18.607500076293945,25859200.0,15.92188549041748
368,2011-06-20,18.584999084472656,18.40999984741211,18.56999969482422,18.512500762939453,22546800.0,15.84060001373291
369,2011-06-21,18.797500610351562,18.537500381469727,18.639999389648438,18.747499465942383,25295200.0,16.04168701171875
370,2011-06-22,18.99250030517578,18.642499923706055,18.735000610351562,18.665000915527344,17722000.0,15.971088409423828
371,2011-06-23,18.850000381469727,18.5,18.547500610351562,18.827499389648438,20405600.0,16.110132217407227
372,2011-06-24,18.837499618530273,18.332500457763672,18.827499389648438,18.342500686645508,39700800.0,15.69512939453125
373,2011-06-27,18.512500762939453,18.27750015258789,18.447500228881836,18.47249984741211,20880000.0,15.806366920471191
374,2011-06-28,18.862499237060547,18.552499771118164,18.56999969482422,18.81999969482422,23297600.0,16.103717803955078
375,2011-06-29,21.829999923706055,18.697500228881836,18.979999542236328,21.642499923706055,132109200.0,18.518844604492188
376,2011-06-30,21.84000015258789,20.982500076293945,21.532499313354492,21.065000534057617,119880400.0,18.024696350097656
377,2011-07-01,22.232500076293945,20.940000534057617,21.024999618530273,21.99250030517578,61742400.0,18.818328857421875
378,2011-07-05,22.200000762939453,21.584999084472656,21.739999771118164,22.079999923706055,33089600.0,18.89320182800293
379,2011-07-06,22.3075008392334,21.712499618530273,21.959999084472656,22.049999237060547,33615200.0,18.86752700805664
380,2011-07-07,22.707500457763672,22.0,22.049999237060547,22.537500381469727,48524000.0,19.2846736907959
381,2011-07-08,22.537500381469727,22.100000381469727,22.24250030517578,22.4325008392334,20818800.0,19.194828033447266
382,2011-07-11,22.309999465942383,21.920000076293945,22.15250015258789,21.975000381469727,25733600.0,18.803354263305664
383,2011-07-12,22.200000762939453,21.897499084472656,22.0049991607666,21.924999237060547,18421200.0,18.760574340820312
384,2011-07-13,22.489999771118164,22.0049991607666,22.03499984741211,22.184999465942383,18855600.0,18.983047485351562
385,2011-07-14,22.34749984741211,21.94499969482422,22.0625,21.985000610351562,17211600.0,18.81191062927246
386,2011-07-15,22.219999313354492,21.927499771118164,22.172500610351562,22.1875,15998000.0,18.985191345214844
387,2011-07-18,22.225000381469727,21.927499771118164,22.079999923706055,22.017499923706055,13515200.0,18.839719772338867
388,2011-07-19,22.3174991607666,22.049999237060547,22.122499465942383,22.302499771118164,21594800.0,19.083585739135742
389,2011-07-20,22.372499465942383,22.05500030517578,22.372499465942383,22.15999984741211,9474400.0,18.96165657043457
390,2011-07-21,22.594999313354492,22.010000228881836,22.262500762939453,22.012500762939453,21060400.0,18.835445404052734
391,2011-07-22,22.44499969482422,22.024999618530273,22.024999618530273,22.3799991607666,9035200.0,19.149904251098633
392,2011-07-25,22.5575008392334,22.092500686645508,22.15999984741211,22.270000457763672,13357200.0,19.055782318115234
393,2011-07-26,22.497499465942383,22.174999237060547,22.2549991607666,22.299999237060547,10704000.0,19.081449508666992
394,2011-07-27,22.25,21.8125,22.079999923706055,21.9375,24094800.0,18.77126693725586
395,2011-07-28,22.24250030517578,21.665000915527344,22.032499313354492,21.729999542236328,19224800.0,18.593711853027344
396,2011-07-29,21.559999465942383,20.899999618530273,21.459999084472656,21.385000228881836,16708400.0,18.29850196838379
397,2011-08-01,21.832500457763672,21.264999389648438,21.75,21.420000076293945,13512800.0,18.32846450805664
398,2011-08-02,21.59749984741211,20.889999389648438,21.25,20.889999389648438,17327200.0,17.874956130981445
399,2011-08-03,21.9375,20.952499389648438,21.13249969482422,21.8700008392334,35308800.0,18.71351432800293
400,2011-08-04,21.702499389648438,21.219999313354492,21.6924991607666,21.247499465942383,38827200.0,18.180858612060547
401,2011-08-05,21.417499542236328,20.219999313354492,21.334999084472656,20.852500915527344,33626800.0,17.842866897583008
402,2011-08-08,20.452499389648438,19.520000457763672,20.045000076293945,19.809999465942383,58529200.0,16.95083236694336
403,2011-08-09,20.717500686645508,19.02750015258789,20.087499618530273,20.690000534057617,58702000.0,17.703824996948242
404,2011-08-10,20.40999984741211,19.7549991607666,20.322500228881836,19.81999969482422,38429600.0,16.95938491821289
405,2011-08-11,21.422500610351562,19.924999237060547,20.037500381469727,21.1299991607666,37359600.0,18.0803165435791
406,2011-08-12,21.447500228881836,20.857500076293945,21.27750015258789,20.957500457763672,16598800.0,17.93271827697754
407,2011-08-15,21.5575008392334,21.127500534057617,21.27750015258789,21.467500686645508,18328800.0,18.369104385375977
408,2011-08-16,21.592500686645508,21.15250015258789,21.25,21.457500457763672,20360000.0,18.36054039001465
409,2011-08-17,21.53499984741211,20.832500457763672,21.46500015258789,20.997499465942383,19090000.0,18.093421936035156
410,2011-08-18,20.6875,19.987499237060547,20.377500534057617,20.072500228881836,32999600.0,17.296358108520508
411,2011-08-19,20.420000076293945,19.832500457763672,19.832500457763672,19.899999618530273,31170000.0,17.14771270751953
412,2011-08-22,20.375,19.8125,20.3075008392334,19.947500228881836,19341200.0,17.188644409179688
413,2011-08-23,20.947500228881836,19.94499969482422,20.05500030517578,20.9424991607666,20076000.0,18.04602813720703
414,2011-08-24,21.645000457763672,20.77750015258789,20.899999618530273,21.594999313354492,29150800.0,18.608287811279297
415,2011-08-25,21.732500076293945,20.985000610351562,21.61750030517578,21.02750015258789,24273200.0,18.119272232055664
416,2011-08-26,21.487499237060547,20.667499542236328,20.877500534057617,21.462499618530273,21498800.0,18.49411392211914
417,2011-08-29,21.982500076293945,21.517499923706055,21.7450008392334,21.645000457763672,18568800.0,18.651369094848633
418,2011-08-30,22.082500457763672,21.575000762939453,21.655000686645508,21.982500076293945,16622800.0,18.942188262939453
419,2011-08-31,22.212499618530273,21.6875,22.125,21.969999313354492,24092800.0,18.93141746520996
420,2011-09-01,22.239999771118164,21.75749969482422,21.93000030517578,21.9325008392334,20800800.0,18.89910316467285
421,2011-09-02,21.780000686645508,21.274999618530273,21.43000030517578,21.387500762939453,15807200.0,18.429485321044922
422,2011-09-06,21.5625,20.8125,20.8125,21.46500015258789,15809200.0,18.496267318725586
423,2011-09-07,22.13249969482422,21.674999237060547,21.704999923706055,22.1200008392334,16552800.0,19.060678482055664
424,2011-09-08,22.274999618530273,21.860000610351562,21.940000534057617,21.864999771118164,18386400.0,18.840938568115234
425,2011-09-09,22.102500915527344,21.489999771118164,21.719999313354492,21.587499618530273,26492400.0,18.601816177368164
426,2011-09-12,21.8700008392334,21.372499465942383,21.43000030517578,21.862499237060547,19608400.0,18.838788986206055
427,2011-09-13,21.977500915527344,21.665000915527344,21.915000915527344,21.9424991607666,17469600.0,18.907724380493164
428,2011-09-14,22.549999237060547,21.889999389648438,22.0575008392334,22.395000457763672,26147200.0,19.297645568847656
429,2011-09-15,22.649999618530273,22.087499618530273,22.502500534057617,22.625,21478400.0,19.49582862854004
430,2011-09-16,22.8799991607666,22.407499313354492,22.655000686645508,22.712499618530273,50275200.0,19.571231842041016
431,2011-09-19,22.667499542236328,22.167499542236328,22.36750030517578,22.50749969482422,22088000.0,19.394580841064453
432,2011-09-20,23.6875,22.565000534057617,22.600000381469727,23.209999084472656,36064000.0,19.999927520751953
433,2011-09-21,23.532499313354492,22.850000381469727,23.15999984741211,22.854999542236328,28070400.0,19.694019317626953
434,2011-09-22,22.5,21.547500610351562,22.184999465942383,22.075000762939453,35689200.0,19.021896362304688
435,2011-09-23,22.732500076293945,21.989999771118164,21.989999771118164,22.520000457763672,21526000.0,19.40535545349121
436,2011-09-26,22.8799991607666,22.042499542236328,22.747499465942383,22.56999969482422,19095600.0,19.448436737060547
437,2011-09-27,22.924999237060547,22.280000686645508,22.782499313354492,22.3700008392334,20066800.0,19.276100158691406
438,2011-09-28,22.462499618530273,21.864999771118164,22.450000762939453,21.907499313354492,17090400.0,18.877559661865234
439,2011-09-29,22.24250030517578,21.5,22.24250030517578,21.922500610351562,15552000.0,18.89048957824707
440,2011-09-30,21.905000686645508,21.3125,21.55500030517578,21.43000030517578,17952400.0,18.466108322143555
441,2011-10-03,21.65999984741211,21.05500030517578,21.24250030517578,21.065000534057617,26223600.0,18.151586532592773
442,2011-10-04,21.272499084472656,20.427499771118164,20.760000228881836,21.19499969482422,31600000.0,18.26360511779785
443,2011-10-05,21.362499237060547,20.80500030517578,21.149999618530273,21.247499465942383,25114000.0,18.30884552001953
444,2011-10-06,21.81999969482422,21.104999542236328,21.219999313354492,21.782499313354492,19486000.0,18.76984977722168
445,2011-10-07,22.0,21.4424991607666,21.857500076293945,21.5625,17553200.0,18.580278396606445
446,2011-10-10,22.322500228881836,21.850000381469727,21.947500228881836,22.3125,13322400.0,19.226551055908203
447,2011-10-11,22.71500015258789,22.112499237060547,22.177499771118164,22.627500534057617,17626800.0,19.497987747192383
448,2011-10-12,23.082500457763672,22.677499771118164,22.7450008392334,22.792499542236328,19065200.0,19.640167236328125
449,2011-10-13,23.232500076293945,22.614999771118164,22.625,23.149999618530273,13193600.0,19.948219299316406
450,2011-10-14,23.662500381469727,23.292499542236328,23.354999542236328,23.479999542236328,15800400.0,20.232582092285156
451,2011-10-17,23.479999542236328,22.75749969482422,23.282499313354492,22.797500610351562,13842800.0,19.644472122192383
452,2011-10-18,23.625,22.647499084472656,22.77750015258789,23.477500915527344,14400000.0,20.230424880981445
453,2011-10-19,23.6200008392334,22.469999313354492,23.552499771118164,22.520000457763672,21662400.0,19.40535545349121
454,2011-10-20,22.99250030517578,22.5674991607666,22.700000762939453,22.837499618530273,17646400.0,19.678939819335938
455,2011-10-21,23.357500076293945,22.975000381469727,23.122499465942383,23.357500076293945,14128800.0,20.127017974853516
456,2011-10-24,23.602500915527344,23.297500610351562,23.322500228881836,23.552499771118164,12138400.0,20.295047760009766
457,2011-10-25,23.407499313354492,22.637500762939453,23.375,22.670000076293945,16824000.0,19.534605026245117
458,2011-10-26,23.1825008392334,22.399999618530273,23.03499984741211,23.0049991607666,26746400.0,19.823272705078125
459,2011-10-27,23.622499465942383,22.649999618530273,22.75,23.600000381469727,41568000.0,20.335979461669922
460,2011-10-28,23.9375,23.3125,23.3125,23.774999618530273,23299600.0,20.486780166625977
461,2011-10-31,23.967500686645508,23.309999465942383,23.56999969482422,23.315000534057617,17826000.0,20.09039878845215
462,2011-11-01,23.114999771118164,22.5,22.790000915527344,22.50749969482422,30528400.0,19.394580841064453
463,2011-11-02,23.497499465942383,22.780000686645508,23.260000228881836,22.875,24565200.0,19.711254119873047
464,2011-11-03,23.450000762939453,22.56999969482422,23.014999389648438,23.295000076293945,18410800.0,20.07316780090332
465,2011-11-04,23.407499313354492,22.912500381469727,23.082500457763672,23.15999984741211,13608400.0,19.956832885742188
466,2011-11-07,23.332500457763672,22.8799991607666,23.200000762939453,23.239999771118164,9647200.0,20.02577018737793
467,2011-11-08,23.665000915527344,23.350000381469727,23.357500076293945,23.635000228881836,19602000.0,20.366134643554688
468,2011-11-09,23.524999618530273,23.072500228881836,23.072500228881836,23.282499313354492,19594800.0,20.062393188476562
469,2011-11-10,23.587499618530273,23.147499084472656,23.587499618530273,23.260000228881836,11248800.0,20.043006896972656
470,2011-11-11,23.912500381469727,23.427499771118164,23.447500228881836,23.790000915527344,13648400.0,20.499710083007812
471,2011-11-14,23.93000030517578,23.392499923706055,23.65250015258789,23.454999923706055,10432000.0,20.211036682128906
472,2011-11-15,23.954999923706055,23.462499618530273,23.5049991607666,23.907499313354492,14153200.0,20.600950241088867
473,2011-11-16,23.75,23.292499542236328,23.637500762939453,23.350000381469727,12999600.0,20.30742835998535
474,2011-11-17,23.502500534057617,22.71500015258789,23.422500610351562,22.850000381469727,17227200.0,19.872581481933594
475,2011-11-18,22.912500381469727,22.607500076293945,22.8799991607666,22.702499389648438,12906000.0,19.744304656982422
476,2011-11-21,22.967500686645508,22.274999618530273,22.415000915527344,22.802499771118164,15844400.0,19.831270217895508
477,2011-11-22,23.047500610351562,22.657499313354492,22.737499237060547,22.709999084472656,13469600.0,19.750822067260742
478,2011-11-23,22.940000534057617,22.299999237060547,22.59000015258789,22.322500228881836,21064400.0,19.41381072998047
479,2011-11-25,22.59749984741211,22.19499969482422,22.260000228881836,22.2549991607666,6933600.0,19.3551082611084
480,2011-11-28,23.4375,22.782499313354492,22.917499542236328,23.36750030517578,14792400.0,20.322649002075195
481,2011-11-29,23.375,23.135000228881836,23.36750030517578,23.225000381469727,14513600.0,20.198719024658203
482,2011-11-30,24.25749969482422,23.65999984741211,23.712499618530273,24.24250030517578,21504000.0,21.083633422851562
483,2011-12-01,24.565000534057617,23.9375,23.979999542236328,24.440000534057617,19042400.0,21.255399703979492
484,2011-12-02,24.649999618530273,24.200000762939453,24.59749984741211,24.299999237060547,12928000.0,21.13364601135254
485,2011-12-05,24.572500228881836,23.799999237060547,24.56999969482422,24.014999389648438,16731600.0,20.88577651977539
486,2011-12-06,24.06999969482422,23.770000457763672,24.010000228881836,23.842500686645508,14135200.0,20.735754013061523
487,2011-12-07,24.362499237060547,23.762500762939453,23.8174991607666,24.267499923706055,16055200.0,21.105375289916992
488,2011-12-08,24.467500686645508,23.897499084472656,24.235000610351562,23.950000762939453,14238000.0,20.829248428344727
489,2011-12-09,24.364999771118164,23.877500534057617,24.157499313354492,24.297500610351562,11974000.0,21.131467819213867
490,2011-12-12,24.350000381469727,23.957500457763672,24.15999984741211,24.229999542236328,13644400.0,21.07276153564453
491,2011-12-13,24.385000228881836,23.88249969482422,24.360000610351562,23.977500915527344,13564000.0,20.85316276550293
492,2011-12-14,24.184999465942383,23.762500762939453,23.927499771118164,24.09000015258789,19150800.0,20.951004028320312
493,2011-12-15,24.329999923706055,23.892499923706055,24.329999923706055,23.954999923706055,21020000.0,20.833593368530273
494,2011-12-16,24.4375,24.102500915527344,24.167499542236328,24.360000610351562,17556800.0,21.185829162597656
495,2011-12-19,24.842500686645508,24.377500534057617,24.377500534057617,24.645000457763672,23541200.0,21.433683395385742
496,2011-12-20,25.375,24.84000015258789,24.88249969482422,25.337499618530273,27454400.0,22.035953521728516
497,2011-12-21,25.315000534057617,24.875,25.27750015258789,25.18000030517578,15244000.0,21.89897346496582
498,2011-12-22,25.49250030517578,25.024999618530273,25.15250015258789,25.135000228881836,13439200.0,21.859838485717773
499,2011-12-23,25.625,25.127500534057617,25.232500076293945,25.6200008392334,7803200.0,22.28163719177246
500,2011-12-27,25.862499237060547,25.477500915527344,25.622499465942383,25.477500915527344,8719200.0,22.1577091217041
501,2011-12-28,25.5,25.149999618530273,25.422500610351562,25.18000030517578,9969600.0,21.89897346496582
502,2011-12-29,25.8125,25.204999923706055,25.25,25.787500381469727,8637600.0,22.427316665649414
503,2011-12-30,25.799999237060547,25.372499465942383,25.792499542236328,25.38249969482422,8586800.0,22.075090408325195
504,2012-01-03,25.850000381469727,25.462499618530273,25.850000381469727,25.747499465942383,16829200.0,22.392532348632812
505,2012-01-04,25.614999771118164,25.0,25.422500610351562,25.287500381469727,16522000.0,21.992462158203125
506,2012-01-05,25.552499771118164,24.915000915527344,25.177499771118164,25.477500915527344,12096400.0,22.1577091217041
507,2012-01-06,25.55500030517578,25.05500030517578,25.489999771118164,25.177499771118164,13089200.0,21.89679718017578
508,2012-01-09,25.295000076293945,24.69499969482422,25.252500534057617,24.975000381469727,18002400.0,21.720687866210938
509,2012-01-10,25.237499237060547,24.862499237060547,25.217500686645508,24.950000762939453,18711600.0,21.698949813842773
510,2012-01-11,24.875,24.582500457763672,24.7450008392334,24.77750015258789,19016000.0,21.54892349243164
511,2012-01-12,25.420000076293945,24.844999313354492,24.844999313354492,25.334999084472656,16708800.0,22.033781051635742
512,2012-01-13,25.447500228881836,25.06999969482422,25.18000030517578,25.184999465942383,16623200.0,21.903322219848633
513,2012-01-17,25.735000610351562,25.297500610351562,25.325000762939453,25.63249969482422,17018800.0,22.292509078979492
514,2012-01-18,25.969999313354492,25.52750015258789,25.540000915527344,25.94499969482422,11752400.0,22.56429672241211
515,2012-01-19,26.049999237060547,25.5625,26.040000915527344,25.592500686645508,14567600.0,22.25772476196289
516,2012-01-20,25.6299991607666,24.950000762939453,25.59749984741211,25.145000457763672,20032800.0,21.868534088134766
517,2012-01-23,25.22249984741211,24.700000762939453,25.1875,24.899999618530273,16166400.0,21.655458450317383
518,2012-01-24,25.3174991607666,24.747499465942383,24.762500762939453,25.252500534057617,12140800.0,21.962024688720703
519,2012-01-25,25.24250030517578,24.950000762939453,25.15250015258789,25.139999389648438,15088400.0,21.864187240600586
520,2012-01-26,25.537500381469727,24.9950008392334,25.18000030517578,25.21500015258789,13939200.0,21.929410934448242
521,2012-01-27,25.38249969482422,24.975000381469727,25.102500915527344,25.262500762939453,11362800.0,21.97072982788086
522,2012-01-30,25.1299991607666,24.875,25.03499984741211,24.969999313354492,12476000.0,21.71634292602539
523,2012-01-31,25.19499969482422,24.957500457763672,25.122499465942383,25.15999984741211,13240400.0,21.88157844543457
524,2012-02-01,25.674999237060547,25.149999618530273,25.295000076293945,25.627500534057617,15376800.0,22.28816795349121
525,2012-02-02,26.780000686645508,25.897499084472656,25.94499969482422,26.514999389648438,33740400.0,23.060022354125977
526,2012-02-03,26.954999923706055,26.647499084472656,26.697500228881836,26.75749969482422,16533200.0,23.270919799804688
527,2012-02-06,27.0674991607666,26.700000762939453,26.735000610351562,26.84000015258789,13349600.0,23.342676162719727
528,2012-02-07,26.887500762939453,26.514999389648438,26.864999771118164,26.7450008392334,13045600.0,23.260051727294922
529,2012-02-08,27.15999984741211,26.7549991607666,26.9424991607666,27.087499618530273,22742000.0,23.557924270629883
530,2012-02-09,28.725000381469727,28.012500762939453,28.264999389648438,28.104999542236328,39601200.0,24.442832946777344
531,2012-02-10,28.5,27.850000381469727,27.947500228881836,28.475000381469727,21888800.0,24.764625549316406
532,2012-02-13,28.792499542236328,28.09000015258789,28.5625,28.177499771118164,22078400.0,24.505891799926758
533,2012-02-14,28.8125,28.022499084472656,28.02750015258789,28.809999465942383,17960800.0,25.055973052978516
534,2012-02-15,29.287500381469727,28.65999984741211,29.05500030517578,28.774999618530273,21701200.0,25.218103408813477
535,2012-02-16,28.9325008392334,28.399999618530273,28.864999771118164,28.450000762939453,15971600.0,24.933279037475586
536,2012-02-17,28.8125,28.450000762939453,28.602500915527344,28.752500534057617,15512800.0,25.198392868041992
537,2012-02-21,29.0,28.462499618530273,28.815000534057617,28.549999237060547,10819600.0,25.020925521850586
538,2012-02-22,29.1875,28.325000762939453,28.447500228881836,29.09000015258789,14381200.0,25.494173049926758
539,2012-02-23,29.200000762939453,28.915000915527344,29.09000015258789,29.1200008392334,10890800.0,25.520463943481445
540,2012-02-24,29.4424991607666,28.975000381469727,29.122499465942383,29.385000228881836,11094000.0,25.752708435058594
541,2012-02-27,29.325000762939453,29.075000762939453,29.267499923706055,29.21500015258789,15812800.0,25.603723526000977
542,2012-02-28,29.74250030517578,29.262500762939453,29.290000915527344,29.737499237060547,11937200.0,26.061635971069336
543,2012-02-29,29.84000015258789,29.002500534057617,29.7549991607666,29.092500686645508,15217600.0,25.49636459350586
544,2012-03-01,29.497499465942383,29.137500762939453,29.362499237060547,29.295000076293945,11174000.0,25.673824310302734
545,2012-03-02,29.24250030517578,28.899999618530273,29.127500534057617,29.040000915527344,12213600.0,25.450345993041992
546,2012-03-05,29.207500457763672,28.975000381469727,29.040000915527344,29.059999465942383,10153600.0,25.46788215637207
547,2012-03-06,28.875,28.385000228881836,28.80500030517578,28.709999084472656,13302000.0,25.161142349243164
548,2012-03-07,29.024999618530273,28.739999771118164,28.93000030517578,28.90999984741211,10694000.0,25.33641815185547
549,2012-03-08,29.545000076293945,29.010000228881836,29.170000076293945,29.49250030517578,9520400.0,25.846908569335938
550,2012-03-09,29.59749984741211,29.252500534057617,29.517499923706055,29.292499542236328,8457600.0,25.6716365814209
551,2012-03-12,29.387500762939453,29.017499923706055,29.2549991607666,29.13249969482422,7709200.0,25.531417846679688
552,2012-03-13,29.352500915527344,28.920000076293945,29.227500915527344,29.3174991607666,12785600.0,25.69354820251465
553,2012-03-14,29.47249984741211,29.11750030517578,29.327499389648438,29.1875,14996000.0,25.57961654663086
554,2012-03-15,29.36750030517578,29.075000762939453,29.155000686645508,29.25,13293200.0,25.634389877319336
555,2012-03-16,29.375,29.0674991607666,29.357500076293945,29.170000076293945,16006400.0,25.564279556274414
556,2012-03-19,29.93000030517578,29.037500381469727,29.110000610351562,29.709999084472656,15918400.0,26.03753662109375
557,2012-03-20,29.649999618530273,29.0,29.537500381469727,29.1299991607666,10588000.0,25.529224395751953
558,2012-03-21,29.412500381469727,29.145000457763672,29.272499084472656,29.1875,8427200.0,25.57961654663086
559,2012-03-22,29.375,29.0,29.037500381469727,29.31999969482422,9368000.0,25.695741653442383
560,2012-03-23,29.75,29.225000381469727,29.377500534057617,29.69499969482422,10151200.0,26.024389266967773
561,2012-03-26,30.174999237060547,29.3125,29.84000015258789,30.014999389648438,16363600.0,26.304832458496094
562,2012-03-27,30.06999969482422,29.887500762939453,29.9950008392334,29.952499389648438,10662000.0,26.25005340576172
563,2012-03-28,30.075000762939453,29.627500534057617,29.920000076293945,29.837499618530273,8992000.0,26.149267196655273
564,2012-03-29,29.795000076293945,29.387500762939453,29.635000228881836,29.75,8691200.0,26.072587966918945
565,2012-03-30,29.799999237060547,29.399999618530273,29.772499084472656,29.5,12002000.0,25.853490829467773
566,2012-04-02,29.975000381469727,29.274999618530273,29.5,29.7450008392334,11777600.0,26.06820297241211
567,2012-04-03,30.147499084472656,29.592500686645508,29.709999084472656,30.09000015258789,15691600.0,26.370559692382812
568,2012-04-04,29.920000076293945,29.549999237060547,29.872499465942383,29.7450008392334,10308800.0,26.06820297241211
569,2012-04-05,30.287500381469727,29.517499923706055,29.579999923706055,30.252500534057617,13395600.0,26.512975692749023
570,2012-04-09,30.087499618530273,29.677499771118164,29.915000915527344,29.875,13295600.0,26.182130813598633
571,2012-04-10,29.9424991607666,29.147499084472656,29.8700008392334,29.184999465942383,10679200.0,25.577425003051758
572,2012-04-11,29.737499237060547,29.24250030517578,29.5049991607666,29.344999313354492,14171200.0,25.7176513671875
573,2012-04-12,30.290000915527344,29.297500610351562,29.36750030517578,30.2549991607666,17164000.0,26.515167236328125
574,2012-04-13,30.920000076293945,30.077499389648438,30.100000381469727,30.790000915527344,21497200.0,26.98403549194336
575,2012-04-16,30.762500762939453,30.010000228881836,30.760000228881836,30.207500457763672,18308400.0,26.47353172302246
576,2012-04-17,30.625,30.3125,30.407499313354492,30.520000457763672,10328800.0,26.747404098510742
577,2012-04-18,30.6200008392334,30.329999923706055,30.40250015258789,30.44499969482422,8480000.0,26.681678771972656
578,2012-04-19,30.565000534057617,30.127500534057617,30.3174991607666,30.297500610351562,8522400.0,26.552410125732422
579,2012-04-20,30.537500381469727,30.145000457763672,30.454999923706055,30.252500534057617,7841200.0,26.512975692749023
580,2012-04-23,30.202499389648438,29.1200008392334,30.0625,29.524999618530273,17347200.0,25.875398635864258
581,2012-04-24,29.809999465942383,29.372499465942383,29.587499618530273,29.732500076293945,9430800.0,26.05725860595703
582,2012-04-25,30.600000381469727,29.889999389648438,29.934999465942383,30.447500228881836,12150800.0,26.683874130249023
583,2012-04-26,30.875,30.377500534057617,30.47249984741211,30.797500610351562,11107600.0,26.99060821533203
584,2012-04-27,31.052499771118164,30.71500015258789,30.934999465942383,30.8799991607666,9787200.0,27.062904357910156
585,2012-04-30,31.037500381469727,30.577499389648438,31.02750015258789,30.7450008392334,9375200.0,26.944599151611328
586,2012-05-01,31.337499618530273,30.760000228881836,30.86750030517578,30.772499084472656,17178000.0,26.968692779541016
587,2012-05-02,30.797500610351562,30.167499542236328,30.40250015258789,30.547500610351562,25366800.0,26.771512985229492
588,2012-05-03,30.627500534057617,28.844999313354492,30.502500534057617,29.102500915527344,47838000.0,25.505126953125
589,2012-05-04,29.72249984741211,28.827499389648438,29.05500030517578,29.447500228881836,23403600.0,25.80748176574707
590,2012-05-07,29.772499084472656,29.239999771118164,29.239999771118164,29.627500534057617,13476800.0,25.965227127075195
591,2012-05-08,29.770000457763672,29.037500381469727,29.524999618530273,29.53499984741211,14596800.0,25.8841609954834
592,2012-05-09,29.7450008392334,29.142499923706055,29.327499389648438,29.354999542236328,17672800.0,25.72641372680664
593,2012-05-10,29.872499465942383,29.40999984741211,29.575000762939453,29.542499542236328,13468000.0,25.890731811523438
594,2012-05-11,29.74250030517578,29.315000534057617,29.34000015258789,29.479999542236328,8139600.0,25.83595848083496
595,2012-05-14,29.59000015258789,28.957500457763672,29.207500457763672,29.18000030517578,16246400.0,25.57304573059082
596,2012-05-15,29.475000381469727,29.112499237060547,29.112499237060547,29.15250015258789,12589200.0,25.548946380615234
597,2012-05-16,29.549999237060547,29.075000762939453,29.200000762939453,29.38249969482422,17339600.0,25.946317672729492
598,2012-05-17,29.565000534057617,28.752500534057617,29.25,28.752500534057617,17814800.0,25.389995574951172
599,2012-05-18,28.8125,28.125,28.712499618530273,28.15999984741211,25934800.0,24.866783142089844
600,2012-05-21,29.079999923706055,28.165000915527344,28.3174991607666,29.05500030517578,13272000.0,25.657121658325195
601,2012-05-22,29.8125,29.102500915527344,29.102500915527344,29.59749984741211,18594400.0,26.136180877685547
602,2012-05-23,29.864999771118164,29.34749984741211,29.405000686645508,29.792499542236328,16558000.0,26.308368682861328
603,2012-05-24,30.25,29.6924991607666,29.93000030517578,29.9424991607666,12749600.0,26.44083023071289
604,2012-05-25,30.100000381469727,29.737499237060547,29.84749984741211,29.842500686645508,11780000.0,26.352527618408203
605,2012-05-29,30.237499237060547,29.75,30.037500381469727,30.06999969482422,18006400.0,26.553415298461914
606,2012-05-30,29.934999465942383,29.364999771118164,29.677499771118164,29.372499465942383,18346400.0,25.93748664855957
607,2012-05-31,29.59000015258789,28.68000030517578,29.4375,28.799999237060547,21004000.0,25.43194007873535
608,2012-06-01,28.72249984741211,27.985000610351562,28.40999984741211,28.0625,18650400.0,24.78069305419922
609,2012-06-04,28.610000610351562,28.0049991607666,28.00749969482422,28.540000915527344,16646400.0,25.202348709106445
610,2012-06-05,28.63249969482422,28.28499984741211,28.440000534057617,28.452499389648438,11374800.0,25.125076293945312
611,2012-06-06,29.125,28.707500457763672,28.74250030517578,29.084999084472656,12384000.0,25.683612823486328
612,2012-06-07,29.5,29.137500762939453,29.457500457763672,29.202499389648438,9158000.0,25.787370681762695
613,2012-06-08,29.149999618530273,28.862499237060547,29.09749984741211,29.145000457763672,10376800.0,25.73659324645996
614,2012-06-11,29.482500076293945,29.05500030517578,29.3174991607666,29.087499618530273,10942800.0,25.685815811157227
615,2012-06-12,29.290000915527344,28.93000030517578,29.102500915527344,29.290000915527344,10398800.0,25.8646297454834
616,2012-06-13,29.24250030517578,28.662500381469727,28.950000762939453,28.725000381469727,14891200.0,25.3657169342041
617,2012-06-14,29.252500534057617,28.565000534057617,28.815000534057617,29.122499465942383,13152800.0,25.716732025146484
618,2012-06-15,29.625,29.232500076293945,29.342500686645508,29.600000381469727,12551600.0,26.13838005065918
619,2012-06-18,30.1200008392334,29.364999771118164,29.502500534057617,30.024999618530273,10931600.0,26.5136775970459
620,2012-06-19,30.399999618530273,30.125,30.21500015258789,30.337499618530273,10270400.0,26.789634704589844
621,2012-06-20,30.647499084472656,30.25749969482422,30.274999618530273,30.647499084472656,12702800.0,27.06338119506836
622,2012-06-21,30.717500686645508,29.827499389648438,30.645000457763672,29.8700008392334,13061200.0,26.37680435180664
623,2012-06-22,31.237499237060547,29.832500457763672,30.0625,31.237499237060547,37216000.0,27.584379196166992
624,2012-06-25,30.822500228881836,30.287500381469727,30.71500015258789,30.3174991607666,16164000.0,26.771970748901367
625,2012-06-26,30.979999542236328,30.417499542236328,30.440000534057617,30.790000915527344,13128800.0,27.189218521118164
626,2012-06-27,31.030000686645508,30.63249969482422,30.84000015258789,30.860000610351562,13768400.0,27.25102996826172
627,2012-06-28,30.852500915527344,29.892499923706055,30.75,30.3799991607666,11514800.0,26.82716941833496
628,2012-06-29,31.010000228881836,30.38249969482422,30.815000534057617,30.907499313354492,15931200.0,27.292980194091797
629,2012-07-02,31.700000762939453,31.0,31.065000534057617,31.655000686645508,17042400.0,27.953052520751953
630,2012-07-03,31.75,31.415000915527344,31.622499465942383,31.584999084472656,6364400.0,27.8912410736084
631,2012-07-05,31.86750030517578,31.417499542236328,31.434999465942383,31.752500534057617,11298000.0,28.039161682128906
632,2012-07-06,31.6825008392334,31.19499969482422,31.520000457763672,31.31999969482422,9631200.0,27.657236099243164
633,2012-07-09,31.012500762939453,30.260000228881836,30.787500381469727,30.912500381469727,17684000.0,27.297388076782227
634,2012-07-10,31.1875,30.452499389648438,31.082500457763672,30.56999969482422,18204000.0,26.994943618774414
635,2012-07-11,30.5625,29.895000457763672,30.477500915527344,30.184999465942383,11644000.0,26.65496826171875
636,2012-07-12,30.857500076293945,29.774999618530273,29.77750015258789,30.65999984741211,15067600.0,27.07441520690918
637,2012-07-13,31.15999984741211,30.537500381469727,30.625,31.022499084472656,12112800.0,27.3945255279541
638,2012-07-16,32.75,31.467500686645508,32.04999923706055,31.787500381469727,30607600.0,28.070064544677734
639,2012-07-17,32.060001373291016,31.510000228881836,32.032501220703125,32.057498931884766,10766800.0,28.308483123779297
640,2012-07-18,32.20000076293945,31.850000381469727,31.875,31.954999923706055,11903600.0,28.21796989440918
641,2012-07-19,32.157501220703125,31.332500457763672,32.07500076293945,31.34749984741211,13832400.0,27.681522369384766
642,2012-07-20,31.545000076293945,30.912500381469727,31.15250015258789,31.4375,11816800.0,27.760995864868164
643,2012-07-23,31.264999389648438,30.8125,31.012500762939453,31.11750030517578,11391200.0,27.478412628173828
644,2012-07-24,31.190000534057617,30.31999969482422,31.125,30.662500381469727,13504000.0,27.076631546020508
645,2012-07-25,31.022499084472656,30.385000228881836,30.844999313354492,30.549999237060547,15305200.0,26.977279663085938
646,2012-07-26,32.04750061035156,31.049999237060547,31.24250030517578,31.6924991607666,21036000.0,27.986173629760742
647,2012-07-27,32.375,31.424999237060547,31.732500076293945,32.28499984741211,13937600.0,28.50938606262207
648,2012-07-30,33.087501525878906,32.1775016784668,32.212501525878906,32.709999084472656,12652800.0,28.88467788696289
649,2012-07-31,32.66999816894531,32.125,32.60749816894531,32.26750183105469,8961600.0,28.493928909301758
650,2012-08-01,32.352500915527344,31.75,32.125,31.864999771118164,11612000.0,28.13850212097168
651,2012-08-02,32.3224983215332,31.547500610351562,31.700000762939453,32.317501068115234,11112400.0,28.538076400756836
652,2012-08-03,32.8849983215332,32.21500015258789,32.59000015258789,32.744998931884766,12934400.0,28.91558265686035
653,2012-08-06,33.14500045776367,32.654998779296875,32.75,32.75749969482422,9227600.0,28.92662239074707
654,2012-08-07,32.85749816894531,32.334999084472656,32.70750045776367,32.599998474121094,13179200.0,28.787551879882812
655,2012-08-08,32.880001068115234,32.599998474121094,32.69499969482422,32.787498474121094,7962800.0,28.953121185302734
656,2012-08-09,32.74250030517578,31.9375,32.720001220703125,32.127498626708984,14203600.0,28.370296478271484
657,2012-08-10,32.3224983215332,32.0,32.04750061035156,32.272499084472656,5984800.0,28.498340606689453
658,2012-08-13,32.25,31.850000381469727,32.15999984741211,32.08000183105469,6454000.0,28.328357696533203
659,2012-08-14,32.54499816894531,32.1349983215332,32.279998779296875,32.47249984741211,8732400.0,28.674951553344727
660,2012-08-15,32.57500076293945,32.147499084472656,32.29499816894531,32.26499938964844,7735600.0,28.686063766479492
661,2012-08-16,32.48749923706055,32.17499923706055,32.17499923706055,32.41999816894531,9121200.0,28.823871612548828
662,2012-08-17,32.5099983215332,32.0724983215332,32.497501373291016,32.17250061035156,9582400.0,28.60382843017578
663,2012-08-20,32.18000030517578,32.0,32.15250015258789,32.040000915527344,8674400.0,28.486024856567383
664,2012-08-21,32.3125,31.75,32.1775016784668,31.8799991607666,7605200.0,28.343774795532227
665,2012-08-22,32.125,31.6299991607666,31.717500686645508,32.025001525878906,8866000.0,28.47269058227539
666,2012-08-23,32.125,31.6875,31.982500076293945,31.787500381469727,7000000.0,28.261539459228516
667,2012-08-24,31.7549991607666,31.452499389648438,31.647499084472656,31.665000915527344,10650800.0,28.152624130249023
668,2012-08-27,32.03499984741211,31.760000228881836,31.822500228881836,31.915000915527344,8820400.0,28.374893188476562
669,2012-08-28,32.060001373291016,31.80500030517578,31.96500015258789,31.850000381469727,7862800.0,28.317102432250977
670,2012-08-29,32.01250076293945,31.68000030517578,31.887500762939453,32.005001068115234,8583600.0,28.454912185668945
671,2012-08-30,31.774999618530273,31.545000076293945,31.774999618530273,31.674999237060547,8573600.0,28.161508560180664
672,2012-08-31,32.092498779296875,31.565000534057617,31.877500534057617,32.0625,13784000.0,28.506027221679688
673,2012-09-04,32.287498474121094,31.905000686645508,32.09000015258789,32.130001068115234,10200800.0,28.566041946411133
674,2012-09-05,32.25,31.737499237060547,32.21500015258789,31.90250015258789,12698800.0,28.363779067993164
675,2012-09-06,32.375,31.950000762939453,32.04499816894531,32.375,15698400.0,28.783863067626953
676,2012-09-07,32.4900016784668,32.16749954223633,32.377498626708984,32.4275016784668,10789200.0,28.830543518066406
677,2012-09-10,32.470001220703125,32.10499954223633,32.10499954223633,32.16999816894531,11633600.0,28.601606369018555
678,2012-09-11,33.11000061035156,32.20249938964844,32.220001220703125,32.872501373291016,15890400.0,29.226181030273438
679,2012-09-12,33.369998931884766,32.89500045776367,32.912498474121094,33.3650016784668,14656000.0,29.66405487060547
680,2012-09-13,34.162498474121094,33.14500045776367,33.23749923706055,33.744998931884766,15745200.0,30.00189971923828
681,2012-09-14,33.82500076293945,33.4375,33.8125,33.5625,13289600.0,29.839645385742188
682,2012-09-17,33.712501525878906,33.404998779296875,33.6150016784668,33.467498779296875,10649200.0,29.75518226623535
683,2012-09-18,33.462501525878906,33.13249969482422,33.272499084472656,33.415000915527344,13192400.0,29.70850944519043
684,2012-09-19,33.880001068115234,33.432498931884766,33.467498779296875,33.6974983215332,11976800.0,29.959671020507812
685,2012-09-20,33.709999084472656,33.36750030517578,33.5724983215332,33.65250015258789,12779600.0,29.919666290283203
686,2012-09-21,33.98749923706055,33.724998474121094,33.82500076293945,33.75,29225600.0,30.006338119506836
687,2012-09-24,33.74250030517578,33.377498626708984,33.52750015258789,33.435001373291016,10530000.0,29.726282119750977
688,2012-09-25,33.849998474121094,33.404998779296875,33.459999084472656,33.63999938964844,15398400.0,29.908544540405273
689,2012-09-26,33.63999938964844,33.095001220703125,33.53499984741211,33.130001068115234,10637200.0,29.455120086669922
690,2012-09-27,33.560001373291016,33.130001068115234,33.1775016784668,33.477500915527344,8432800.0,29.764070510864258
691,2012-09-28,33.654998779296875,33.310001373291016,33.494998931884766,33.56999969482422,9431600.0,29.8463134765625
692,2012-10-01,34.474998474121094,33.717498779296875,33.717498779296875,34.182498931884766,14700800.0,30.390880584716797
693,2012-10-02,34.275001525878906,33.869998931884766,34.147499084472656,34.0,10041600.0,30.22861671447754
694,2012-10-03,34.650001525878906,33.997501373291016,34.162498474121094,34.630001068115234,11717600.0,30.788738250732422
695,2012-10-04,34.95500183105469,34.54999923706055,34.70000076293945,34.91749954223633,8475600.0,31.044340133666992
696,2012-10-05,35.397499084472656,34.875,35.185001373291016,35.064998626708984,11280800.0,31.175479888916016
697,2012-10-08,34.875,34.63999938964844,34.75,34.6775016784668,6803600.0,30.830963134765625
698,2012-10-09,34.845001220703125,34.18000030517578,34.79249954223633,34.185001373291016,9978000.0,30.393104553222656
699,2012-10-10,34.494998931884766,34.08000183105469,34.157501220703125,34.35499954223633,8050400.0,30.544239044189453
700,2012-10-11,34.95750045776367,34.54750061035156,34.54999923706055,34.76250076293945,14057600.0,30.90654945373535
701,2012-10-12,34.997501373291016,34.60749816894531,34.842498779296875,34.779998779296875,8116000.0,30.92209815979004
702,2012-10-15,35.060001373291016,34.650001525878906,34.84000015258789,34.97249984741211,9694400.0,31.093246459960938
703,2012-10-16,35.442501068115234,35.005001068115234,35.04999923706055,35.290000915527344,8324400.0,31.375524520874023
704,2012-10-17,35.692501068115234,35.20000076293945,35.290000915527344,35.63999938964844,10126000.0,31.686691284179688
705,2012-10-18,35.775001525878906,35.282501220703125,35.59000015258789,35.470001220703125,11241600.0,31.535566329956055
706,2012-10-19,35.59000015258789,34.939998626708984,35.57749938964844,34.99250030517578,10134400.0,31.111021041870117
707,2012-10-22,35.01250076293945,34.50749969482422,34.95249938964844,34.75,9782800.0,30.895421981811523
708,2012-10-23,34.494998931884766,33.98249816894531,34.48749923706055,34.15999984741211,11923200.0,30.370866775512695
709,2012-10-24,34.592498779296875,34.11000061035156,34.375,34.122501373291016,11478000.0,30.33753204345703
710,2012-10-25,34.67499923706055,34.130001068115234,34.45750045776367,34.38750076293945,15875600.0,30.573135375976562
711,2012-10-26,34.72249984741211,34.217498779296875,34.45750045776367,34.57749938964844,12148800.0,30.742069244384766
712,2012-10-31,34.99250030517578,34.349998474121094,34.400001525878906,34.689998626708984,14271200.0,30.842077255249023
713,2012-11-01,36.09000015258789,35.07500076293945,35.20500183105469,35.970001220703125,21310000.0,31.980091094970703
714,2012-11-02,36.602500915527344,35.849998474121094,36.01499938964844,35.849998474121094,18498000.0,31.873414993286133
715,2012-11-05,35.97249984741211,35.30500030517578,35.6875,35.375,13864000.0,31.451095581054688
716,2012-11-06,36.209999084472656,35.474998474121094,35.619998931884766,35.96500015258789,9089200.0,31.975658416748047
717,2012-11-07,35.897499084472656,35.38249969482422,35.6349983215332,35.63999938964844,10431600.0,31.686691284179688
718,2012-11-08,35.8125,35.470001220703125,35.537498474121094,35.51499938964844,10133200.0,31.5755615234375
719,2012-11-09,35.95249938964844,35.06999969482422,35.22999954223633,35.73249816894531,11799600.0,31.768945693969727
720,2012-11-12,35.94499969482422,35.505001068115234,35.505001068115234,35.810001373291016,8943600.0,31.837852478027344
721,2012-11-13,36.1974983215332,35.61249923706055,35.650001525878906,35.61249923706055,10149200.0,31.66225242614746
722,2012-11-14,35.807498931884766,34.912498474121094,35.650001525878906,34.98749923706055,13608000.0,31.397512435913086
723,2012-11-15,35.119998931884766,34.63249969482422,35.0,35.0,13717600.0,31.40874481201172
724,2012-11-16,35.88750076293945,35.005001068115234,35.005001068115234,35.6775016784668,16632400.0,32.0167350769043
725,2012-11-19,36.415000915527344,35.915000915527344,36.0,36.412498474121094,15120400.0,32.676292419433594
726,2012-11-20,36.845001220703125,36.290000915527344,36.3849983215332,36.584999084472656,9566400.0,32.83109664916992
727,2012-11-21,36.724998474121094,36.435001373291016,36.55500030517578,36.665000915527344,6565200.0,32.90291213989258
728,2012-11-23,37.029998779296875,36.599998474121094,36.82500076293945,37.029998779296875,4454400.0,33.23044204711914
729,2012-11-26,36.90250015258789,36.60499954223633,36.90250015258789,36.8125,8623600.0,33.0352668762207
730,2012-11-27,36.959999084472656,36.58250045776367,36.779998779296875,36.69499969482422,9981600.0,32.92982864379883
731,2012-11-28,36.837501525878906,36.47249984741211,36.50749969482422,36.8224983215332,10358400.0,33.044246673583984
732,2012-11-29,37.08250045776367,36.810001373291016,36.98249816894531,37.04499816894531,12572800.0,33.2439079284668
733,2012-11-30,37.48249816894531,37.002498626708984,37.08000183105469,37.4275016784668,14048000.0,33.587158203125
734,2012-12-03,37.68000030517578,37.11000061035156,37.5,37.15999984741211,11736800.0,33.34711456298828
735,2012-12-04,37.3125,36.79999923706055,37.244998931884766,36.897499084472656,9100800.0,33.11154556274414
736,2012-12-05,37.127498626708984,36.525001525878906,37.127498626708984,37.01499938964844,11971200.0,33.216976165771484
737,2012-12-06,37.224998474121094,36.76499938964844,37.11249923706055,37.11750030517578,9124000.0,33.3089599609375
738,2012-12-07,37.31999969482422,36.9474983215332,37.279998779296875,37.13750076293945,7557200.0,33.32691955566406
739,2012-12-10,37.317501068115234,37.067501068115234,37.1875,37.165000915527344,9288800.0,33.35160827636719
740,2012-12-11,37.58250045776367,37.099998474121094,37.099998474121094,37.224998474121094,14492800.0,33.40542984008789
741,2012-12-12,37.45000076293945,36.95750045776367,37.42250061035156,36.970001220703125,18319600.0,33.17661666870117
742,2012-12-13,37.275001525878906,36.72249984741211,37.02750015258789,36.79999923706055,13042800.0,33.0240478515625
743,2012-12-14,36.92250061035156,36.5625,36.720001220703125,36.70500183105469,9579200.0,32.93879699707031
744,2012-12-17,37.282501220703125,36.724998474121094,36.74250030517578,37.282501220703125,13903200.0,33.45703125
745,2012-12-18,37.88750076293945,37.17499923706055,37.252498626708984,37.68000030517578,11869600.0,33.813751220703125
746,2012-12-19,37.709999084472656,37.287498474121094,37.70000076293945,37.290000915527344,8640400.0,33.46376419067383
747,2012-12-20,38.127498626708984,37.33000183105469,37.470001220703125,38.1150016784668,10863200.0,34.20412063598633
748,2012-12-21,37.994998931884766,37.4900016784668,37.74250030517578,37.692501068115234,13930400.0,33.82497024536133
749,2012-12-24,37.904998779296875,37.557498931884766,37.557498931884766,37.79499816894531,3272000.0,33.91695022583008
750,2012-12-26,37.8224983215332,37.29999923706055,37.81999969482422,37.439998626708984,7614400.0,33.59837341308594
751,2012-12-27,37.662498474121094,36.974998474121094,37.42250061035156,37.349998474121094,11976800.0,33.51762008666992
752,2012-12-28,37.48249816894531,37.0625,37.1150016784668,37.162498474121094,6973600.0,33.3493537902832
753,2012-12-31,37.90250015258789,37.087501525878906,37.087501525878906,37.89500045776367,12868000.0,34.0067024230957
754,2013-01-02,38.98500061035156,38.48249816894531,38.540000915527344,38.845001220703125,15826400.0,34.85921859741211
755,2013-01-03,39.52000045776367,38.70500183105469,39.27750015258789,38.875,14937200.0,34.886131286621094
756,2013-01-04,39.29750061035156,38.69499969482422,38.900001525878906,39.192501068115234,10376000.0,35.17107391357422
757,2013-01-07,39.692501068115234,39.20000076293945,39.23500061035156,39.47249984741211,10242400.0,35.422325134277344
758,2013-01-08,39.84000015258789,39.252498626708984,39.412498474121094,39.84000015258789,11800400.0,35.75212478637695
759,2013-01-09,40.63750076293945,39.9275016784668,40.349998474121094,40.4474983215332,17552800.0,36.29729080200195
760,2013-01-10,40.692501068115234,39.817501068115234,40.50749969482422,40.127498626708984,16313600.0,36.01010513305664
761,2013-01-11,40.3125,39.875,39.94499969482422,40.290000915527344,9578000.0,36.155941009521484
762,2013-01-14,40.45249938964844,39.88750076293945,40.31999969482422,40.162498474121094,8877600.0,36.041526794433594
763,2013-01-15,40.162498474121094,39.772499084472656,39.95500183105469,40.11249923706055,6696000.0,35.99666976928711
764,2013-01-16,40.19499969482422,39.82749938964844,40.02750015258789,40.04999923706055,5464400.0,35.94057846069336
765,2013-01-17,40.272499084472656,39.90250015258789,40.25,39.970001220703125,7833600.0,35.868778228759766
766,2013-01-18,39.63249969482422,39.125,39.630001068115234,39.567501068115234,13812400.0,35.50758361816406
767,2013-01-22,39.91999816894531,39.44499969482422,39.66999816894531,39.76250076293945,6918000.0,35.68256759643555
768,2013-01-23,39.9900016784668,39.52000045776367,39.5724983215332,39.76250076293945,7108800.0,35.68256759643555
769,2013-01-24,40.04249954223633,39.724998474121094,39.82500076293945,39.88999938964844,6794000.0,35.79698944091797
770,2013-01-25,40.03499984741211,39.75749969482422,39.97999954223633,39.959999084472656,6701600.0,35.85980224609375
771,2013-01-28,40.14500045776367,39.07500076293945,40.06999969482422,39.087501525878906,13532000.0,35.076839447021484
772,2013-01-29,39.272499084472656,38.779998779296875,38.935001373291016,39.165000915527344,11664000.0,35.14636993408203
773,2013-01-30,39.772499084472656,38.6875,39.247501373291016,38.752498626708984,18708000.0,34.77620315551758
774,2013-01-31,39.875,39.087501525878906,39.75,39.477500915527344,16685600.0,35.426815032958984
775,2013-02-01,39.869998931884766,39.337501525878906,39.75,39.63999938964844,12738400.0,35.57263946533203
776,2013-02-04,39.599998474121094,39.13999938964844,39.442501068115234,39.162498474121094,10532000.0,35.14413833618164
777,2013-02-05,39.900001525878906,39.20000076293945,39.404998779296875,39.88249969482422,11105200.0,35.79025650024414
778,2013-02-06,40.220001220703125,39.654998779296875,39.80500030517578,40.20500183105469,15056800.0,36.079673767089844
779,2013-02-07,39.9474983215332,39.2400016784668,39.744998931884766,39.26499938964844,20182800.0,35.23612594604492
780,2013-02-08,39.73500061035156,39.275001525878906,39.349998474121094,39.45000076293945,12914000.0,35.40214157104492
781,2013-02-11,39.54249954223633,38.98500061035156,39.39500045776367,39.08250045776367,11032400.0,35.07233810424805
782,2013-02-12,39.42499923706055,39.10499954223633,39.209999084472656,39.20000076293945,9805600.0,35.17779541015625
783,2013-02-13,39.34749984741211,38.53499984741211,39.11249923706055,38.692501068115234,13917600.0,35.01715850830078
784,2013-02-14,39.162498474121094,38.57500076293945,38.650001525878906,38.994998931884766,12760000.0,35.29091262817383
785,2013-02-15,39.52000045776367,38.935001373291016,39.087501525878906,39.497501373291016,17884400.0,35.74568176269531
786,2013-02-19,39.6974983215332,39.165000915527344,39.502498626708984,39.40250015258789,13210000.0,35.65971374511719
787,2013-02-20,39.40250015258789,38.79750061035156,39.279998779296875,38.85499954223633,15688800.0,35.16421890258789
788,2013-02-21,39.5724983215332,38.6974983215332,38.779998779296875,39.36000061035156,14220800.0,35.62125015258789
789,2013-02-22,39.89500045776367,39.17250061035156,39.57500076293945,39.85749816894531,11738000.0,36.07147979736328
790,2013-02-25,40.087501525878906,38.97249984741211,39.79999923706055,38.97249984741211,11183200.0,35.270545959472656
791,2013-02-26,39.647499084472656,39.002498626708984,39.002498626708984,39.45750045776367,11354000.0,35.70949172973633
792,2013-02-27,40.025001525878906,39.32500076293945,39.36249923706055,39.967498779296875,8318000.0,36.17104721069336
793,2013-02-28,40.084999084472656,39.57749938964844,40.084999084472656,39.65999984741211,11228000.0,35.89274215698242
794,2013-03-01,39.71500015258789,39.162498474121094,39.48249816894531,39.52000045776367,13212000.0,35.76604080200195
795,2013-03-04,39.8849983215332,39.38750076293945,39.439998626708984,39.875,6570000.0,36.08732604980469
796,2013-03-05,40.44499969482422,39.96500015258789,40.022499084472656,40.0724983215332,10267600.0,36.26606750488281
797,2013-03-06,40.42499923706055,40.04999923706055,40.21500015258789,40.26499938964844,7516000.0,36.44027328491211
798,2013-03-07,40.44499969482422,39.912498474121094,40.217498779296875,40.127498626708984,8687200.0,36.31583786010742
799,2013-03-08,40.349998474121094,39.97249984741211,40.334999084472656,40.16749954223633,9571600.0,36.3520393371582
800,2013-03-11,40.400001525878906,40.102500915527344,40.342498779296875,40.29499816894531,6742000.0,36.467430114746094
801,2013-03-12,40.24250030517578,39.75749969482422,40.16999816894531,39.95000076293945,8340800.0,36.15520095825195
802,2013-03-13,40.099998474121094,39.712501525878906,39.875,39.842498779296875,11021600.0,36.05791091918945
803,2013-03-14,40.26750183105469,39.82500076293945,39.849998474121094,40.165000915527344,14853600.0,36.34978103637695
804,2013-03-15,40.15999984741211,39.63249969482422,40.00749969482422,39.63750076293945,17599600.0,35.872379302978516
805,2013-03-18,39.79499816894531,39.099998474121094,39.31999969482422,39.51750183105469,15162800.0,35.763797760009766
806,2013-03-19,39.837501525878906,38.91999816894531,39.5,39.0,17652400.0,35.295440673828125
807,2013-03-20,39.99250030517578,39.18000030517578,39.25,39.83250045776367,16070400.0,36.048866271972656
808,2013-03-21,39.932498931884766,39.45000076293945,39.61249923706055,39.45000076293945,14883200.0,35.702693939208984
809,2013-03-22,40.040000915527344,39.43000030517578,39.5525016784668,40.022499084472656,18790400.0,36.2208251953125
810,2013-03-25,41.06999969482422,40.125,40.1875,41.0,19336800.0,37.10546112060547
811,2013-03-26,41.94499969482422,41.1349983215332,41.224998474121094,41.8650016784668,17264800.0,37.88829803466797
812,2013-03-27,42.307498931884766,41.377498626708984,41.65250015258789,42.165000915527344,13371200.0,38.15980529785156
813,2013-03-28,42.7400016784668,42.032501220703125,42.1875,42.459999084472656,12456400.0,38.42677688598633
814,2013-04-01,42.747501373291016,41.724998474121094,42.4375,41.837501525878906,13235200.0,37.86341857910156
815,2013-04-02,42.224998474121094,41.82749938964844,42.10499954223633,41.98749923706055,9582000.0,37.99916076660156
816,2013-04-03,42.13249969482422,41.06999969482422,42.10499954223633,41.1875,16624800.0,37.27516174316406
817,2013-04-04,41.63249969482422,41.252498626708984,41.35499954223633,41.619998931884766,8903600.0,37.66657638549805
818,2013-04-05,41.35499954223633,40.897499084472656,41.0525016784668,41.290000915527344,7962400.0,37.367919921875
819,2013-04-08,41.592498779296875,41.119998931884766,41.40999984741211,41.5724983215332,6125600.0,37.62358474731445
820,2013-04-09,41.720001220703125,41.002498626708984,41.70750045776367,41.1875,6004400.0,37.27516174316406
821,2013-04-10,41.82500076293945,41.24250030517578,41.24250030517578,41.747501373291016,8996400.0,37.78195571899414
822,2013-04-11,41.974998474121094,41.55500030517578,41.75,41.904998779296875,6590000.0,37.924495697021484
823,2013-04-12,41.70750045776367,41.275001525878906,41.477500915527344,41.4375,7076800.0,37.501407623291016
824,2013-04-15,41.220001220703125,40.3224983215332,41.154998779296875,40.3224983215332,10774000.0,36.49232482910156
825,2013-04-16,41.20000076293945,40.625,40.662498474121094,41.1775016784668,10092000.0,37.26609420776367
826,2013-04-17,41.00749969482422,40.48500061035156,40.935001373291016,40.557498931884766,9543600.0,36.70500564575195
827,2013-04-18,40.84749984741211,40.317501068115234,40.647499084472656,40.352500915527344,21010800.0,36.51947021484375
828,2013-04-19,41.02750015258789,40.4375,40.52000045776367,40.9900016784668,7620400.0,37.09640884399414
829,2013-04-22,41.087501525878906,40.622501373291016,40.89250183105469,40.88249969482422,5403600.0,36.999122619628906
830,2013-04-23,41.41999816894531,40.88249969482422,41.067501068115234,41.415000915527344,6324000.0,37.481048583984375
831,2013-04-24,41.89250183105469,41.400001525878906,41.415000915527344,41.76499938964844,7447200.0,37.79779815673828
832,2013-04-25,42.619998931884766,41.86000061035156,41.977500915527344,42.189998626708984,9322800.0,38.18242263793945
833,2013-04-26,42.400001525878906,41.78499984741211,42.189998626708984,41.807498931884766,6127200.0,37.83625793457031
834,2013-04-29,42.125,41.790000915527344,41.932498931884766,41.974998474121094,10694400.0,37.98783874511719
835,2013-04-30,42.474998474121094,42.0099983215332,42.147499084472656,42.1150016784668,12161600.0,38.11456298828125
836,2013-05-01,42.064998626708984,40.900001525878906,41.747501373291016,41.505001068115234,12252400.0,37.5625
837,2013-05-02,44.915000915527344,42.5,42.5,43.849998474121094,30677200.0,39.684749603271484
838,2013-05-03,45.209999084472656,44.10749816894531,44.2400016784668,44.8849983215332,15026400.0,40.621437072753906
839,2013-05-06,45.192501068115234,44.532501220703125,44.834999084472656,44.72249984741211,13084000.0,40.474361419677734
840,2013-05-07,44.96500015258789,44.30500030517578,44.872501373291016,44.9474983215332,11876400.0,40.6779899597168
841,2013-05-08,44.875,44.42499923706055,44.8650016784668,44.814998626708984,14449200.0,40.55809020996094
842,2013-05-09,44.970001220703125,44.557498931884766,44.807498931884766,44.64500045776367,11501200.0,40.404239654541016
843,2013-05-10,44.755001068115234,44.38750076293945,44.66999816894531,44.6875,13837600.0,40.442684173583984
844,2013-05-13,45.11000061035156,44.532501220703125,44.64500045776367,44.73249816894531,12480000.0,40.48341751098633
845,2013-05-14,45.372501373291016,44.65999984741211,44.744998931884766,45.08000183105469,16074800.0,40.797908782958984
846,2013-05-15,45.4474983215332,44.91999816894531,45.0,45.439998626708984,13624400.0,41.426971435546875
847,2013-05-16,45.435001373291016,44.94499969482422,45.435001373291016,44.95000076293945,9913600.0,40.98024368286133
848,2013-05-17,46.14500045776367,45.130001068115234,45.220001220703125,46.14250183105469,13248800.0,42.06743621826172
849,2013-05-20,46.224998474121094,45.20000076293945,45.977500915527344,45.40250015258789,21192000.0,41.39278793334961
850,2013-05-21,45.67250061035156,45.09749984741211,45.3849983215332,45.38750076293945,13422800.0,41.37910842895508
851,2013-05-22,46.10499954223633,45.025001525878906,45.52000045776367,45.03499984741211,19563200.0,41.0577278137207
852,2013-05-23,44.877498626708984,44.27750015258789,44.595001220703125,44.525001525878906,16906000.0,40.5927734375
853,2013-05-24,45.275001525878906,44.224998474121094,44.470001220703125,45.11249923706055,12306400.0,41.128395080566406
854,2013-05-28,45.6349983215332,44.91749954223633,45.61000061035156,45.00749969482422,9937200.0,41.03266525268555
855,2013-05-29,45.04999923706055,44.51750183105469,44.80500030517578,44.53499984741211,7490400.0,40.601898193359375
856,2013-05-30,45.497501373291016,44.584999084472656,44.584999084472656,45.25749969482422,9628000.0,41.26057815551758
857,2013-05-31,45.349998474121094,44.525001525878906,45.14250183105469,44.53499984741211,12514400.0,40.601898193359375
858,2013-06-03,45.16999816894531,44.377498626708984,44.6875,45.04750061035156,15232400.0,41.06913757324219
859,2013-06-04,45.4375,44.67499923706055,44.849998474121094,45.04999923706055,13528400.0,41.07141876220703
860,2013-06-05,45.04750061035156,44.21500015258789,44.967498779296875,44.30500030517578,12176800.0,40.392208099365234
861,2013-06-06,44.85499954223633,44.099998474121094,44.17250061035156,44.837501525878906,14664800.0,40.877681732177734
862,2013-06-07,45.25,44.88750076293945,45.162498474121094,44.98500061035156,13899200.0,41.01216506958008
863,2013-06-10,45.78499984741211,44.907501220703125,45.1349983215332,45.58250045776367,13779200.0,41.556884765625
864,2013-06-11,45.48749923706055,44.88999938964844,45.13750076293945,44.915000915527344,7856400.0,40.948341369628906
865,2013-06-12,45.15999984741211,44.6775016784668,45.15999984741211,44.787498474121094,9994800.0,40.83209228515625
866,2013-06-13,45.689998626708984,44.6775016784668,44.787498474121094,45.5625,9760400.0,41.53865051269531
867,2013-06-14,45.619998931884766,45.02750015258789,45.51250076293945,45.23249816894531,7427200.0,41.237789154052734
868,2013-06-17,45.93000030517578,45.375,45.58000183105469,45.587501525878906,14779200.0,41.561458587646484
869,2013-06-18,46.307498931884766,45.43000030517578,45.43000030517578,46.002498626708984,7579200.0,41.9398078918457
870,2013-06-19,46.282501220703125,45.63249969482422,46.0625,45.657501220703125,12220800.0,41.6252555847168
871,2013-06-20,45.619998931884766,44.6150016784668,45.38249969482422,44.6150016784668,15534000.0,40.674842834472656
872,2013-06-21,45.375,44.70000076293945,45.0,44.875,17923200.0,40.911861419677734
873,2013-06-24,44.869998931884766,43.91999816894531,44.52750015258789,44.567501068115234,15527600.0,40.63151931762695
874,2013-06-25,45.345001220703125,44.625,44.95000076293945,45.11750030517578,12721600.0,41.13294982910156
875,2013-06-26,45.78499984741211,45.119998931884766,45.47249984741211,45.662498474121094,10392800.0,41.629825592041016
876,2013-06-27,46.25,45.625,45.86000061035156,46.064998626708984,11102400.0,41.99677658081055
877,2013-06-28,46.18000030517578,45.55500030517578,46.064998626708984,45.6875,12656400.0,41.652610778808594
878,2013-07-01,46.8650016784668,45.907501220703125,45.974998474121094,46.30500030517578,11616000.0,42.2155876159668
879,2013-07-02,46.7599983215332,46.064998626708984,46.27000045776367,46.310001373291016,8749200.0,42.220157623291016
880,2013-07-03,46.86000061035156,45.98249816894531,46.04499816894531,46.7599983215332,4533200.0,42.630393981933594
881,2013-07-05,47.71500015258789,46.875,47.217498779296875,47.6974983215332,8495600.0,43.48509979248047
882,2013-07-08,48.192501068115234,47.01499938964844,47.900001525878906,47.025001525878906,19588000.0,42.871986389160156
883,2013-07-09,47.38249969482422,46.650001525878906,47.23749923706055,46.79999923706055,23330400.0,42.66685485839844
884,2013-07-10,46.95249938964844,46.45249938964844,46.837501525878906,46.67499923706055,15523200.0,42.55290222167969
885,2013-07-11,47.51499938964844,46.880001068115234,47.334999084472656,47.4900016784668,14235200.0,43.295928955078125
886,2013-07-12,47.682498931884766,47.287498474121094,47.474998474121094,47.68000030517578,7782800.0,43.46915054321289
887,2013-07-15,47.95750045776367,47.45000076293945,47.875,47.5625,14529200.0,43.362022399902344
888,2013-07-16,47.682498931884766,47.17499923706055,47.54750061035156,47.345001220703125,7515200.0,43.163734436035156
889,2013-07-17,47.48749923706055,47.03499984741211,47.11000061035156,47.40999984741211,11118000.0,43.222991943359375
890,2013-07-18,47.849998474121094,47.48749923706055,47.5525016784668,47.752498626708984,5938400.0,43.535240173339844
891,2013-07-19,47.997501373291016,47.349998474121094,47.77000045776367,47.47999954223633,9048400.0,43.28681182861328
892,2013-07-22,47.82749938964844,47.3125,47.5525016784668,47.80500030517578,7930400.0,43.583106994628906
893,2013-07-23,47.86750030517578,47.1349983215332,47.682498931884766,47.14500045776367,11710800.0,42.98139572143555
894,2013-07-24,47.462501525878906,46.415000915527344,47.4474983215332,46.6875,13993600.0,42.56429672241211
895,2013-07-25,49.0,47.75,47.75,48.65250015258789,21923200.0,44.35577392578125
896,2013-07-26,48.650001525878906,47.95750045776367,48.5,48.29999923706055,8709200.0,44.03438949584961
897,2013-07-29,48.372501373291016,47.8125,48.21500015258789,47.99250030517578,5776400.0,43.75404739379883
898,2013-07-30,48.29999923706055,47.787498474121094,48.17499923706055,47.86000061035156,13911200.0,43.63325500488281
899,2013-07-31,48.724998474121094,42.747501373291016,48.4375,44.252498626708984,90073600.0,40.3443489074707
900,2013-08-01,45.439998626708984,43.31999969482422,45.439998626708984,44.79249954223633,74287200.0,40.83665466308594
901,2013-08-02,46.022499084472656,45.209999084472656,45.404998779296875,46.0,21698400.0,41.937522888183594
902,2013-08-05,46.28499984741211,45.70000076293945,46.0,46.1349983215332,11479600.0,42.06059265136719
903,2013-08-06,46.07749938964844,45.212501525878906,46.0525016784668,45.72249984741211,19986800.0,41.68452453613281
904,2013-08-07,45.5,44.974998474121094,45.352500915527344,45.34749984741211,15556400.0,41.342647552490234
905,2013-08-08,45.63999938964844,44.98249816894531,45.602500915527344,45.19499969482422,9626800.0,41.20360565185547
906,2013-08-09,45.337501525878906,44.88999938964844,45.20000076293945,44.95249938964844,10028400.0,40.98252487182617
907,2013-08-12,44.994998931884766,44.599998474121094,44.849998474121094,44.939998626708984,13622400.0,40.97113800048828
908,2013-08-13,45.15999984741211,44.66999816894531,45.125,44.807498931884766,11407200.0,40.850341796875
909,2013-08-14,45.372501373291016,44.587501525878906,44.877498626708984,44.587501525878906,15338800.0,40.95135498046875
910,2013-08-15,44.372501373291016,43.36249923706055,44.36249923706055,43.48249816894531,17288400.0,39.93647766113281
911,2013-08-16,43.682498931884766,43.09000015258789,43.43000030517578,43.282501220703125,12612400.0,39.75277328491211
912,2013-08-19,44.22249984741211,43.0525016784668,43.08250045776367,43.744998931884766,11982000.0,40.17755889892578
913,2013-08-20,43.817501068115234,43.224998474121094,43.65250015258789,43.30500030517578,14135200.0,39.7734489440918
914,2013-08-21,45.375,43.130001068115234,43.314998626708984,44.59749984741211,30930800.0,40.96055221557617
915,2013-08-22,45.35749816894531,44.255001068115234,44.90999984741211,44.72999954223633,10586400.0,41.08223342895508
916,2013-08-23,45.147499084472656,44.404998779296875,45.099998474121094,44.775001525878906,9807200.0,41.12356948852539
917,2013-08-26,44.8650016784668,43.74250030517578,44.8650016784668,43.75,13789200.0,40.18216323852539
918,2013-08-27,43.77000045776367,43.14250183105469,43.244998931884766,43.54249954223633,12762400.0,39.991573333740234
919,2013-08-28,43.9474983215332,43.342498779296875,43.342498779296875,43.8025016784668,15672000.0,40.230377197265625
920,2013-08-29,44.31999969482422,43.6974983215332,43.77750015258789,43.842498779296875,9404800.0,40.267120361328125
921,2013-08-30,43.875,43.45249938964844,43.852500915527344,43.60499954223633,9886400.0,40.048980712890625
922,2013-09-03,44.599998474121094,43.8125,44.00749969482422,44.255001068115234,12550400.0,40.64598083496094
923,2013-09-04,44.470001220703125,43.8125,44.224998474121094,44.04750061035156,9753200.0,40.455387115478516
924,2013-09-05,44.17499923706055,43.807498931884766,44.032501220703125,44.0525016784668,7406800.0,40.45999526977539
925,2013-09-06,44.47249984741211,43.76250076293945,44.08000183105469,44.16749954223633,6697200.0,40.565616607666016
926,2013-09-09,44.662498474121094,44.31999969482422,44.31999969482422,44.63750076293945,10801600.0,40.997283935546875
927,2013-09-10,46.162498474121094,45.33250045776367,45.602500915527344,46.147499084472656,19507200.0,42.3841438293457
928,2013-09-11,46.63249969482422,45.727500915527344,46.25,46.57749938964844,11006000.0,42.77907943725586
929,2013-09-12,46.95249938964844,46.26499938964844,46.60749816894531,46.26499938964844,14212000.0,42.4920539855957
930,2013-09-13,47.32500076293945,46.29999923706055,46.372501373291016,47.25,16403600.0,43.396728515625
931,2013-09-16,47.77000045776367,47.220001220703125,47.7400016784668,47.345001220703125,11380800.0,43.483985900878906
932,2013-09-17,47.974998474121094,47.13999938964844,47.33000183105469,47.900001525878906,10400800.0,43.99373245239258
933,2013-09-18,48.5,47.54249954223633,47.60499954223633,48.412498474121094,10474800.0,44.46442413330078
934,2013-09-19,49.5,48.502498626708984,48.63249969482422,48.6775016784668,14966400.0,44.707820892333984
935,2013-09-20,49.70750045776367,48.467498779296875,48.82500076293945,49.70750045776367,57707200.0,45.6538200378418
936,2013-09-23,50.21500015258789,49.0,49.4900016784668,49.060001373291016,19551600.0,45.059120178222656
937,2013-09-24,49.20000076293945,48.154998779296875,49.060001373291016,48.334999084472656,15296400.0,44.393245697021484
938,2013-09-25,48.5,47.66999816894531,48.317501068115234,47.88999938964844,10594800.0,43.984535217285156
939,2013-09-26,48.625,47.915000915527344,48.11249923706055,48.38999938964844,9326400.0,44.44376754760742
940,2013-09-27,48.4275016784668,47.95249938964844,47.997501373291016,48.26250076293945,7258400.0,44.32665252685547
941,2013-09-30,47.9900016784668,47.5625,47.70000076293945,47.775001525878906,9561600.0,43.87893295288086
942,2013-10-01,48.40250015258789,47.51750183105469,47.8224983215332,48.30500030517578,9384800.0,44.365692138671875
943,2013-10-02,48.25,47.75,47.974998474121094,47.95500183105469,8712400.0,44.04424285888672
944,2013-10-03,48.02750015258789,46.935001373291016,47.997501373291016,47.162498474121094,19646000.0,43.316368103027344
945,2013-10-04,47.787498474121094,47.002498626708984,47.15999984741211,47.619998931884766,9365600.0,43.73655700683594
946,2013-10-07,46.98749923706055,46.58000183105469,46.98749923706055,46.58250045776367,11785200.0,42.783660888671875
947,2013-10-08,47.095001220703125,45.627498626708984,46.560001373291016,45.63249969482422,16039600.0,41.91114044189453
948,2013-10-09,46.17499923706055,45.02750015258789,45.849998474121094,45.962501525878906,13448000.0,42.214229583740234
949,2013-10-10,47.279998779296875,46.38750076293945,46.48500061035156,47.25749969482422,10865600.0,43.40361785888672
950,2013-10-11,48.04999923706055,46.875,47.20000076293945,48.04999923706055,11915200.0,44.131492614746094
951,2013-10-14,48.4474983215332,47.505001068115234,47.592498779296875,48.36000061035156,8922400.0,44.41620635986328
952,2013-10-15,48.60499954223633,47.842498779296875,48.25749969482422,47.842498779296875,10567600.0,43.940914154052734
953,2013-10-16,48.95249938964844,47.959999084472656,48.10499954223633,48.907501220703125,10382800.0,44.91905212402344
954,2013-10-17,49.6875,48.86750030517578,48.91749954223633,49.56999969482422,12605200.0,45.52753829956055
955,2013-10-18,50.247501373291016,49.23749923706055,49.68000030517578,50.11249923706055,14387200.0,46.025794982910156
956,2013-10-21,50.41999816894531,49.814998626708984,50.26250076293945,50.0099983215332,11526000.0,45.93165588378906
957,2013-10-22,50.66999816894531,49.877498626708984,50.01250076293945,49.994998931884766,12202800.0,45.917869567871094
958,2013-10-23,49.77750015258789,49.29499816894531,49.66999816894531,49.72249984741211,7476400.0,45.6676025390625
959,2013-10-24,50.845001220703125,49.90250015258789,49.967498779296875,50.727500915527344,8885600.0,46.590641021728516
960,2013-10-25,50.974998474121094,50.380001068115234,50.935001373291016,50.76499938964844,11014400.0,46.62507629394531
961,2013-10-28,51.125,50.61249923706055,50.89250183105469,50.77000045776367,6854400.0,46.629676818847656
962,2013-10-29,51.3125,50.869998931884766,50.869998931884766,51.060001373291016,8599600.0,46.89602279663086
963,2013-10-30,51.224998474121094,50.40999984741211,51.21500015258789,50.95500183105469,11946400.0,46.79959487915039
964,2013-10-31,49.724998474121094,48.564998626708984,49.26250076293945,49.16749954223633,24035200.0,45.157859802246094
965,2013-11-01,50.24250030517578,49.630001068115234,49.73749923706055,49.790000915527344,13233600.0,45.72958755493164
966,2013-11-04,50.0,49.04750061035156,49.91999816894531,49.10499954223633,11089200.0,45.1004524230957
967,2013-11-05,49.49250030517578,48.75,48.845001220703125,49.342498779296875,11058000.0,45.31859588623047
968,2013-11-06,50.04750061035156,49.34749984741211,49.685001373291016,49.755001068115234,8878800.0,45.69745635986328
969,2013-11-07,50.09000015258789,49.025001525878906,49.99250030517578,49.025001525878906,10832400.0,45.02698516845703
970,2013-11-08,49.6150016784668,48.942501068115234,48.942501068115234,49.5724983215332,11462400.0,45.52982711791992
971,2013-11-11,49.92499923706055,49.55500030517578,49.65999984741211,49.817501068115234,8385200.0,45.75484085083008
972,2013-11-12,49.79499816894531,49.212501525878906,49.70249938964844,49.567501068115234,9016400.0,45.52524185180664
973,2013-11-13,49.94499969482422,49.125,49.162498474121094,49.94499969482422,8181600.0,46.24513626098633
974,2013-11-14,50.057498931884766,49.692501068115234,49.98249816894531,50.037498474121094,10909600.0,46.33079147338867
975,2013-11-15,50.6349983215332,49.935001373291016,49.939998626708984,50.5,12391600.0,46.759037017822266
976,2013-11-18,50.6775016784668,49.817501068115234,50.5,49.974998474121094,16380800.0,46.27292251586914
977,2013-11-19,50.099998474121094,49.20500183105469,50.087501525878906,49.34749984741211,14462800.0,45.69190216064453
978,2013-11-20,50.04999923706055,49.41749954223633,49.44499969482422,49.529998779296875,10197200.0,45.860877990722656
979,2013-11-21,50.5,49.36249923706055,49.81999969482422,50.40250015258789,12776400.0,46.66874694824219
980,2013-11-22,50.584999084472656,49.959999084472656,50.42499923706055,50.529998779296875,8150800.0,46.786808013916016
981,2013-11-25,50.662498474121094,50.32749938964844,50.630001068115234,50.48249816894531,6742000.0,46.742820739746094
982,2013-11-26,50.900001525878906,50.404998779296875,50.665000915527344,50.880001068115234,11246000.0,47.110877990722656
983,2013-11-27,51.20750045776367,50.75749969482422,50.875,50.997501373291016,5939600.0,47.21967315673828
984,2013-11-29,51.26750183105469,50.8650016784668,51.127498626708984,50.8650016784668,4139200.0,47.09700012207031
985,2013-12-02,51.622501373291016,51.025001525878906,51.025001525878906,51.282501220703125,8762000.0,47.483558654785156
986,2013-12-03,50.650001525878906,49.98249816894531,49.98249816894531,50.4375,17032800.0,46.70115661621094
987,2013-12-04,50.83250045776367,50.27000045776367,50.44499969482422,50.685001373291016,11739200.0,46.93032455444336
988,2013-12-05,50.73500061035156,50.380001068115234,50.54750061035156,50.4275016784668,13260000.0,46.691898345947266
989,2013-12-06,50.959999084472656,50.25,50.92499923706055,50.467498779296875,9106800.0,46.72893524169922
990,2013-12-09,50.67499923706055,50.34000015258789,50.44499969482422,50.397499084472656,12667200.0,46.66412353515625
991,2013-12-10,50.42250061035156,49.85749816894531,50.227500915527344,49.85749816894531,15647200.0,46.16413116455078
992,2013-12-11,51.977500915527344,50.25,50.25,51.415000915527344,40328000.0,47.606258392333984
993,2013-12-12,51.412498474121094,50.625,51.24250030517578,50.86000061035156,11469200.0,47.09237289428711
994,2013-12-13,52.0,50.97999954223633,51.127498626708984,51.84000015258789,17674400.0,47.99976348876953
995,2013-12-16,52.64250183105469,51.8224983215332,52.0099983215332,51.9375,14779600.0,48.09003829956055
996,2013-12-17,53.45249938964844,51.959999084472656,52.154998779296875,53.3125,20647200.0,49.363182067871094
997,2013-12-18,53.869998931884766,52.5,53.275001525878906,53.837501525878906,16142000.0,49.84929275512695
998,2013-12-19,54.467498779296875,53.6349983215332,53.73249816894531,54.02000045776367,13394800.0,50.01826858520508
999,2013-12-20,54.54999923706055,53.974998474121094,54.18000030517578,53.99250030517578,23263600.0,49.992801666259766
1000,2013-12-23,54.70750045776367,54.13750076293945,54.247501373291016,54.50749969482422,7994800.0,50.46965408325195
1001,2013-12-24,54.897499084472656,54.255001068115234,54.61750030517578,54.682498931884766,5207600.0,50.6317024230957
1002,2013-12-26,55.0625,54.747501373291016,54.747501373291016,55.04999923706055,4898800.0,50.97196960449219
1003,2013-12-27,55.349998474121094,54.787498474121094,55.25,54.91749954223633,5242000.0,50.84928894042969
1004,2013-12-30,55.404998779296875,54.92499923706055,55.147499084472656,55.227500915527344,5940000.0,51.136322021484375
1005,2013-12-31,55.68000030517578,55.25749969482422,55.380001068115234,55.66999816894531,6448400.0,51.546043395996094
1006,2014-01-02,55.50749969482422,54.875,55.3849983215332,55.252498626708984,10654000.0,51.15946960449219
1007,2014-01-03,55.622501373291016,55.057498931884766,55.4375,55.290000915527344,7809600.0,51.194183349609375
1008,2014-01-06,55.57749938964844,54.897499084472656,55.29499816894531,54.95750045776367,8577600.0,50.88631820678711
1009,2014-01-07,55.52750015258789,55.1150016784668,55.1875,55.377498626708984,8178000.0,51.275211334228516
1010,2014-01-08,55.75,55.15999984741211,55.35499954223633,55.55500030517578,8487200.0,51.43956756591797
1011,2014-01-09,56.130001068115234,55.415000915527344,55.88750076293945,55.477500915527344,8386400.0,51.3678092956543
1012,2014-01-10,55.685001373291016,55.002498626708984,55.459999084472656,55.282501220703125,6429600.0,51.1872444152832
1013,2014-01-13,56.04750061035156,54.65250015258789,55.505001068115234,54.724998474121094,13554400.0,50.67104721069336
1014,2014-01-14,55.662498474121094,54.58250045776367,54.685001373291016,55.662498474121094,10851600.0,51.53910446166992
1015,2014-01-15,56.224998474121094,55.45750045776367,55.712501525878906,55.939998626708984,11288000.0,51.796043395996094
1016,2014-01-16,55.939998626708984,55.3224983215332,55.79750061035156,55.442501068115234,13514000.0,51.33540725708008
1017,2014-01-17,58.064998626708984,55.5099983215332,55.51250076293945,58.04499816894531,38344400.0,53.74510192871094
1018,2014-01-21,58.875,57.70500183105469,58.59749984741211,57.98249816894531,19752400.0,53.687232971191406
1019,2014-01-22,58.45500183105469,57.91999816894531,58.099998474121094,58.247501373291016,7254400.0,53.9326171875
1020,2014-01-23,58.08250045776367,56.915000915527344,57.915000915527344,57.0625,13662400.0,52.835391998291016
1021,2014-01-24,56.7400016784668,55.3125,56.599998474121094,55.3125,16043200.0,51.215030670166016
1022,2014-01-27,55.51750183105469,53.779998779296875,55.51750183105469,54.05500030517578,19470800.0,50.05067825317383
1023,2014-01-28,55.59000015258789,54.349998474121094,54.404998779296875,55.2400016784668,17852400.0,51.14789962768555
1024,2014-01-29,55.185001373291016,54.125,54.775001525878906,54.279998779296875,16800000.0,50.259010314941406
1025,2014-01-30,56.5,54.07749938964844,56.4375,55.220001220703125,20040400.0,51.12938690185547
1026,2014-01-31,54.724998474121094,53.77750015258789,54.032501220703125,53.85749816894531,24457200.0,49.86780548095703
1027,2014-02-03,54.459999084472656,53.01750183105469,54.127498626708984,53.36750030517578,21662400.0,49.41410446166992
1028,2014-02-04,53.970001220703125,52.845001220703125,53.540000915527344,53.6349983215332,14913600.0,49.66179275512695
1029,2014-02-05,54.185001373291016,53.279998779296875,53.310001373291016,53.90250015258789,13520800.0,49.909481048583984
1030,2014-02-06,54.752498626708984,53.94499969482422,54.02000045776367,54.752498626708984,12721600.0,50.69649887084961
1031,2014-02-07,55.5,54.6150016784668,55.04750061035156,55.44499969482422,12537200.0,51.33771896362305
1032,2014-02-10,55.532501220703125,54.997501373291016,55.47249984741211,55.13750076293945,10316800.0,51.05299758911133
1033,2014-02-11,55.72249984741211,55.01250076293945,55.282501220703125,55.58250045776367,9809600.0,51.46502685546875
1034,2014-02-12,56.224998474121094,55.72249984741211,55.86000061035156,56.04249954223633,14650800.0,52.267093658447266
1035,2014-02-13,56.1875,55.6150016784668,55.712501525878906,56.01250076293945,13158800.0,52.23911666870117
1036,2014-02-14,56.560001373291016,55.877498626708984,56.067501068115234,56.5,12682000.0,52.693763732910156
1037,2014-02-18,57.119998931884766,56.404998779296875,56.619998931884766,56.51499938964844,13427200.0,52.7077522277832
1038,2014-02-19,56.9474983215332,55.91999816894531,56.467498779296875,55.970001220703125,9322000.0,52.1994743347168
1039,2014-02-20,56.24250030517578,55.647499084472656,56.040000915527344,55.8650016784668,8810000.0,52.10154342651367
1040,2014-02-21,56.16749954223633,55.744998931884766,55.932498931884766,55.84000015258789,9136000.0,52.07823181152344
1041,2014-02-24,56.85749816894531,55.86750030517578,55.932498931884766,56.54750061035156,10817200.0,52.73806381225586
1042,2014-02-25,57.10749816894531,56.372501373291016,56.54750061035156,56.77750015258789,11339600.0,52.95258331298828
1043,2014-02-26,56.974998474121094,56.314998626708984,56.807498931884766,56.52750015258789,10413600.0,52.719417572021484
1044,2014-02-27,56.95000076293945,56.400001525878906,56.54750061035156,56.56999969482422,8097600.0,52.759056091308594
1045,2014-02-28,56.997501373291016,55.17499923706055,56.61750030517578,56.48500061035156,14004000.0,52.679779052734375
1046,2014-03-03,56.0099983215332,54.897499084472656,55.810001373291016,55.36000061035156,16422800.0,51.63056182861328
1047,2014-03-04,56.49250030517578,55.64500045776367,56.287498474121094,56.375,14884800.0,52.577186584472656
1048,2014-03-05,56.45000076293945,55.57500076293945,56.404998779296875,55.70249938964844,11328400.0,51.94999313354492
1049,2014-03-06,56.51750183105469,55.83000183105469,55.939998626708984,55.96500015258789,9120400.0,52.19480895996094
1050,2014-03-07,56.432498931884766,55.8849983215332,56.23749923706055,56.38999938964844,8971200.0,52.59117889404297
1051,2014-03-10,56.592498779296875,56.18000030517578,56.377498626708984,56.375,7350400.0,52.577186584472656
1052,2014-03-11,57.09749984741211,56.157501220703125,56.48749923706055,56.79499816894531,11062800.0,52.968894958496094
1053,2014-03-12,56.91999816894531,56.3224983215332,56.529998779296875,56.525001525878906,9394800.0,52.71708297729492
1054,2014-03-13,56.872501373291016,55.10749816894531,56.665000915527344,55.19499969482422,11996400.0,51.476680755615234
1055,2014-03-14,55.47999954223633,54.63999938964844,55.154998779296875,55.192501068115234,13692000.0,51.47435760498047
1056,2014-03-17,55.970001220703125,55.345001220703125,55.497501373291016,55.94499969482422,8800000.0,52.176151275634766
1057,2014-03-18,56.692501068115234,55.8125,56.150001525878906,56.602500915527344,8304800.0,52.789363861083984
1058,2014-03-19,56.772499084472656,55.5,56.65250015258789,55.95500183105469,7888800.0,52.185489654541016
1059,2014-03-20,56.029998779296875,55.227500915527344,56.029998779296875,55.45500183105469,11890000.0,51.71916580200195
1060,2014-03-21,58.16749954223633,54.92499923706055,55.74250030517578,55.842498779296875,38092400.0,52.080562591552734
1061,2014-03-24,56.557498931884766,54.775001525878906,56.34749984741211,55.1875,18228400.0,51.469696044921875
1062,2014-03-25,55.7599983215332,54.599998474121094,55.54750061035156,54.599998474121094,11675200.0,50.9217643737793
1063,2014-03-26,55.04750061035156,53.91999816894531,54.98749923706055,53.91999816894531,10657200.0,50.287574768066406
1064,2014-03-27,54.04249954223633,53.26250076293945,53.72249984741211,53.942501068115234,10489600.0,50.30856704711914
1065,2014-03-28,54.084999084472656,52.630001068115234,53.619998931884766,53.022499084472656,14950000.0,49.45053482055664
1066,2014-03-31,53.96500015258789,52.91749954223633,53.1974983215332,53.96500015258789,11639200.0,50.32954406738281
1067,2014-04-01,54.540000915527344,53.63750076293945,54.27000045776367,53.67499923706055,9090400.0,50.059078216552734
1068,2014-04-02,54.125,53.342498779296875,53.69499969482422,53.665000915527344,9344800.0,50.049747467041016
1069,2014-04-03,54.06999969482422,53.345001220703125,53.9474983215332,53.752498626708984,14210400.0,50.1313591003418
1070,2014-04-04,53.9275016784668,51.4375,53.89250183105469,51.92499923706055,24449200.0,48.42696762084961
1071,2014-04-07,51.86000061035156,50.255001068115234,51.69499969482422,50.852500915527344,40124000.0,47.426719665527344
1072,2014-04-08,51.47999954223633,50.5,50.70500183105469,50.647499084472656,21745600.0,47.23551940917969
1073,2014-04-09,51.94499969482422,50.654998779296875,51.14500045776367,51.8849983215332,19142800.0,48.38966751098633
1074,2014-04-10,52.26750183105469,50.037498474121094,52.064998626708984,50.38750076293945,20403600.0,46.99304962158203
1075,2014-04-11,50.0,48.709999084472656,49.807498931884766,49.157501220703125,29939600.0,45.84590148925781
1076,2014-04-14,50.48749923706055,49.502498626708984,49.95000076293945,50.252498626708984,20925600.0,46.86714172363281
1077,2014-04-15,51.23500061035156,49.79249954223633,50.959999084472656,51.01250076293945,19214000.0,47.5759391784668
1078,2014-04-16,52.38999938964844,51.369998931884766,51.75,52.34000015258789,15832800.0,48.81401443481445
1079,2014-04-17,52.8849983215332,51.98749923706055,52.584999084472656,51.98749923706055,13364000.0,48.485267639160156
1080,2014-04-21,52.375,52.09749984741211,52.244998931884766,52.282501220703125,10012400.0,48.76039505004883
1081,2014-04-22,52.64500045776367,52.13249969482422,52.334999084472656,52.49250030517578,9840000.0,48.95624923706055
1082,2014-04-23,52.57500076293945,52.0,52.57500076293945,52.20500183105469,8819600.0,48.688114166259766
1083,2014-04-24,52.625,51.897499084472656,52.45000076293945,52.349998474121094,13547200.0,48.823333740234375
1084,2014-04-25,50.95000076293945,49.63999938964844,50.0,49.73249816894531,38239200.0,46.382171630859375
1085,2014-04-28,50.48249816894531,49.752498626708984,49.875,50.35499954223633,24263200.0,46.962738037109375
1086,2014-04-29,51.01250076293945,50.4474983215332,50.47249984741211,50.66749954223633,12760000.0,47.25419235229492
1087,2014-04-30,50.90999984741211,50.474998474121094,50.564998626708984,50.65250015258789,12145600.0,47.24019241333008
1088,2014-05-01,51.82749938964844,50.84000015258789,51.025001525878906,51.522499084472656,14273200.0,48.051578521728516
1089,2014-05-02,51.775001525878906,51.0,51.435001373291016,51.10499954223633,10908800.0,47.662208557128906
1090,2014-05-05,51.970001220703125,50.75,50.9375,51.782501220703125,13792800.0,48.2940788269043
1091,2014-05-06,51.755001068115234,51.29999923706055,51.67499923706055,51.34000015258789,10873200.0,47.881385803222656
1092,2014-05-07,52.25,51.11000061035156,51.752498626708984,52.17499923706055,14732000.0,48.660125732421875
1093,2014-05-08,53.025001525878906,52.15250015258789,52.23249816894531,52.724998474121094,14613600.0,49.173072814941406
1094,2014-05-09,52.717498779296875,52.037498474121094,52.54499816894531,52.70249938964844,11795600.0,49.1520881652832
1095,2014-05-12,53.119998931884766,52.75749969482422,52.77000045776367,52.92499923706055,8732800.0,49.359596252441406
1096,2014-05-13,53.17250061035156,52.849998474121094,52.997501373291016,53.01499938964844,7137600.0,49.44353485107422
1097,2014-05-14,52.970001220703125,52.46500015258789,52.79999923706055,52.46500015258789,6838000.0,49.30258560180664
1098,2014-05-15,52.42250061035156,51.60499954223633,52.25,51.86249923706055,12685200.0,48.73640441894531
1099,2014-05-16,52.522499084472656,51.897499084472656,51.897499084472656,52.45249938964844,12279600.0,49.29083251953125
1100,2014-05-19,52.744998931884766,52.212501525878906,52.345001220703125,52.59000015258789,7039600.0,49.420040130615234
1101,2014-05-20,52.58000183105469,51.849998474121094,52.58000183105469,51.97999954223633,8740000.0,48.8468132019043
1102,2014-05-21,52.66749954223633,52.147499084472656,52.212501525878906,52.525001525878906,9096400.0,49.358970642089844
1103,2014-05-22,52.56999969482422,52.17499923706055,52.532501220703125,52.342498779296875,16870000.0,49.18747329711914
1104,2014-05-23,53.067501068115234,52.4275016784668,52.497501373291016,53.01750183105469,11117600.0,49.82178497314453
1105,2014-05-27,53.630001068115234,53.20500183105469,53.247501373291016,53.625,9676800.0,50.39265441894531
1106,2014-05-28,53.625,53.252498626708984,53.625,53.45000076293945,7223200.0,50.22822570800781
1107,2014-05-29,53.67250061035156,53.375,53.5,53.66749954223633,5260400.0,50.43259811401367
1108,2014-05-30,53.98749923706055,53.33250045776367,53.970001220703125,53.70750045776367,6136400.0,50.470191955566406
1109,2014-06-02,53.92250061035156,53.209999084472656,53.842498779296875,53.380001068115234,6364000.0,50.16244125366211
1110,2014-06-03,53.307498931884766,52.70000076293945,53.25749969482422,52.83000183105469,9011600.0,49.64558410644531
1111,2014-06-04,52.85749816894531,52.36249923706055,52.790000915527344,52.85749816894531,12589600.0,49.671424865722656
1112,2014-06-05,53.125,52.654998779296875,53.029998779296875,53.05500030517578,6597600.0,49.857017517089844
1113,2014-06-06,53.349998474121094,52.90250015258789,53.13249969482422,53.25,10002400.0,50.0402717590332
1114,2014-06-09,53.497501373291016,52.907501220703125,53.372501373291016,53.14500045776367,5516400.0,49.94160079956055
1115,2014-06-10,53.69499969482422,53.1875,53.25,53.5625,6835600.0,50.33393096923828
1116,2014-06-11,53.477500915527344,53.029998779296875,53.247501373291016,53.16999816894531,6758000.0,49.965091705322266
1117,2014-06-12,53.29249954223633,52.807498931884766,53.09749984741211,52.942501068115234,6218000.0,49.751312255859375
1118,2014-06-13,53.01750183105469,52.712501525878906,52.967498779296875,52.8224983215332,7085200.0,49.638545989990234
1119,2014-06-16,52.747501373291016,52.49250030517578,52.720001220703125,52.560001373291016,7899200.0,49.39185333251953
1120,2014-06-17,52.97999954223633,52.474998474121094,52.53499984741211,52.70249938964844,5722400.0,49.5257682800293
1121,2014-06-18,52.8125,52.25749969482422,52.61249923706055,52.8125,10326000.0,49.62913513183594
1122,2014-06-19,53.040000915527344,52.005001068115234,52.86750030517578,52.58000183105469,15331200.0,49.4106559753418
1123,2014-06-20,53.029998779296875,52.275001525878906,52.880001068115234,52.372501373291016,18358800.0,49.215667724609375
1124,2014-06-23,52.45249938964844,52.04499816894531,52.25,52.36750030517578,14765200.0,49.210968017578125
1125,2014-06-24,52.647499084472656,51.845001220703125,52.317501068115234,51.9474983215332,13089600.0,48.81627655029297
1126,2014-06-25,52.622501373291016,51.82749938964844,51.82749938964844,52.26499938964844,8244800.0,49.11463928222656
1127,2014-06-26,52.46500015258789,51.88999938964844,52.45750045776367,52.2400016784668,8580400.0,49.09115219116211
1128,2014-06-27,52.474998474121094,51.96500015258789,52.025001525878906,52.31999969482422,12961200.0,49.166316986083984
1129,2014-06-30,52.935001373291016,52.125,52.165000915527344,52.6775016784668,9961600.0,49.50227737426758
1130,2014-07-01,53.837501525878906,52.95750045776367,52.98749923706055,53.5625,10993600.0,50.33393096923828
1131,2014-07-02,53.872501373291016,53.5625,53.720001220703125,53.709999084472656,5768800.0,50.47254180908203
1132,2014-07-03,54.25,53.775001525878906,53.82749938964844,54.127498626708984,5571600.0,50.86487579345703
1133,2014-07-07,54.38750076293945,53.90999984741211,54.10749816894531,54.185001373291016,6612400.0,50.918914794921875
1134,2014-07-08,54.22249984741211,53.287498474121094,54.192501068115234,53.814998626708984,12149200.0,50.57121658325195
1135,2014-07-09,54.06999969482422,53.627498626708984,53.875,54.040000915527344,5177200.0,50.782649993896484
1136,2014-07-10,54.22249984741211,53.16999816894531,53.45000076293945,53.8849983215332,8536800.0,50.63698959350586
1137,2014-07-11,54.2599983215332,53.592498779296875,53.98749923706055,54.25,5696800.0,50.97998809814453
1138,2014-07-14,55.59000015258789,54.412498474121094,54.6875,55.25749969482422,13716400.0,51.9267578125
1139,2014-07-15,56.1875,55.224998474121094,55.41749954223633,55.44499969482422,10900800.0,52.10296630859375
1140,2014-07-16,55.790000915527344,55.27000045776367,55.73500061035156,55.66749954223633,8853200.0,52.31205368041992
1141,2014-07-17,55.5,54.45750045776367,55.48500061035156,54.470001220703125,9806000.0,51.18672561645508
1142,2014-07-18,55.47249984741211,54.72999954223633,54.79499816894531,55.04999923706055,11068000.0,51.73176956176758
1143,2014-07-21,55.032501220703125,54.627498626708984,54.88249969482422,54.80500030517578,6168400.0,51.50153732299805
1144,2014-07-22,55.647499084472656,55.15250015258789,55.22999954223633,55.314998626708984,7699200.0,51.98079299926758
1145,2014-07-23,55.6349983215332,55.16999816894531,55.372501373291016,55.29999923706055,8189200.0,51.966705322265625
1146,2014-07-24,55.962501525878906,55.45750045776367,55.84749984741211,55.685001373291016,11947600.0,52.3284912109375
1147,2014-07-25,54.17499923706055,52.834999084472656,53.525001525878906,53.692501068115234,27530400.0,50.45609664916992
1148,2014-07-28,53.7400016784668,53.279998779296875,53.60499954223633,53.55500030517578,10401600.0,50.32688522338867
1149,2014-07-29,53.9275016784668,53.33250045776367,53.599998474121094,53.375,10577200.0,50.15773391723633
1150,2014-07-30,53.6974983215332,53.36249923706055,53.372501373291016,53.51499938964844,10422800.0,50.28929901123047
1151,2014-07-31,53.34000015258789,52.752498626708984,53.317501068115234,52.752498626708984,13874000.0,49.572757720947266
1152,2014-08-01,53.26499938964844,52.44499969482422,52.467498779296875,52.95249938964844,14100000.0,49.76070022583008
1153,2014-08-04,53.29249954223633,52.880001068115234,53.212501525878906,53.040000915527344,8079600.0,49.842926025390625
1154,2014-08-05,53.09749984741211,52.29249954223633,52.875,52.6349983215332,11151200.0,49.462337493896484
1155,2014-08-06,52.845001220703125,52.45249938964844,52.494998931884766,52.67250061035156,7528400.0,49.49757385253906
1156,2014-08-07,52.86249923706055,52.150001525878906,52.79499816894531,52.2599983215332,9568000.0,49.109947204589844
1157,2014-08-08,52.63750076293945,52.0525016784668,52.220001220703125,52.6150016784668,9256800.0,49.443538665771484
1158,2014-08-11,52.80500030517578,52.50749969482422,52.7599983215332,52.64500045776367,9018400.0,49.47173309326172
1159,2014-08-12,52.79999923706055,52.36249923706055,52.522499084472656,52.57500076293945,6442000.0,49.40596008300781
1160,2014-08-13,53.025001525878906,52.6150016784668,52.73749923706055,52.85749816894531,6451200.0,50.052223205566406
1161,2014-08-14,53.147499084472656,52.82749938964844,53.022499084472656,53.130001068115234,7136800.0,50.31026077270508
1162,2014-08-15,53.33000183105469,52.48249816894531,53.22249984741211,52.54750061035156,8999600.0,49.758697509765625
1163,2014-08-18,53.60749816894531,52.817501068115234,52.872501373291016,53.58000183105469,8352400.0,50.736392974853516
1164,2014-08-19,53.92250061035156,53.532501220703125,53.6875,53.75,8212400.0,50.897369384765625
1165,2014-08-20,54.11000061035156,53.60749816894531,53.64500045776367,54.04999923706055,7296800.0,51.18144989013672
1166,2014-08-21,54.24250030517578,53.9275016784668,54.125,53.9375,5544000.0,51.07491683959961
1167,2014-08-22,54.23749923706055,53.82500076293945,54.04999923706055,54.022499084472656,7145600.0,51.1554069519043
1168,2014-08-25,54.33000183105469,53.962501525878906,54.29999923706055,54.005001068115234,4962400.0,51.13882827758789
1169,2014-08-26,54.5,54.04499816894531,54.122501373291016,54.182498931884766,6944000.0,51.306915283203125
1170,2014-08-27,54.38249969482422,53.8224983215332,54.279998779296875,54.282501220703125,8035600.0,51.401611328125
1171,2014-08-28,53.935001373291016,53.442501068115234,53.75,53.650001525878906,11083600.0,50.802677154541016
1172,2014-08-29,53.75,53.025001525878906,53.63999938964844,53.130001068115234,14646000.0,50.31026077270508
1173,2014-09-02,53.74250030517578,53.1775016784668,53.352500915527344,53.682498931884766,8066400.0,50.833431243896484
1174,2014-09-03,54.040000915527344,53.57749938964844,53.76750183105469,53.724998474121094,7788400.0,50.87369155883789
1175,2014-09-04,54.029998779296875,53.5,53.86000061035156,53.564998626708984,9492400.0,50.72218704223633
1176,2014-09-05,53.592498779296875,53.275001525878906,53.59000015258789,53.5525016784668,8202800.0,50.71035385131836
1177,2014-09-08,54.05500030517578,53.375,53.502498626708984,53.942501068115234,10266400.0,51.079654693603516
1178,2014-09-09,53.86750030517578,53.5,53.8224983215332,53.56999969482422,7328800.0,50.72692108154297
1179,2014-09-10,54.662498474121094,53.5099983215332,53.51750183105469,54.220001220703125,12646800.0,51.34242248535156
1180,2014-09-11,54.1875,53.61249923706055,54.17499923706055,53.73749923706055,8861200.0,50.88552474975586
1181,2014-09-12,53.9375,53.1875,53.720001220703125,53.5099983215332,8710800.0,50.67009735107422
1182,2014-09-15,53.90250015258789,53.462501525878906,53.462501525878906,53.65999984741211,7036800.0,50.81214141845703
1183,2014-09-16,54.44499969482422,53.412498474121094,53.727500915527344,54.32500076293945,9211600.0,51.44184494018555
1184,2014-09-17,54.372501373291016,53.42499923706055,54.25,53.88249969482422,12321200.0,51.02283477783203
1185,2014-09-18,54.16999816894531,53.787498474121094,53.98249816894531,54.11000061035156,9215200.0,51.23826599121094
1186,2014-09-19,54.537498474121094,53.872501373291016,54.42250061035156,54.0625,20475200.0,51.19328308105469
1187,2014-09-22,54.244998931884766,53.4375,54.244998931884766,53.470001220703125,9074000.0,50.632232666015625
1188,2014-09-23,53.474998474121094,53.1150016784668,53.474998474121094,53.1150016784668,7959600.0,50.29607009887695
1189,2014-09-24,53.75,53.0625,53.19499969482422,53.602500915527344,8336000.0,50.7576904296875
1190,2014-09-25,53.567501068115234,52.60499954223633,53.5099983215332,52.6775016784668,11729600.0,49.88178634643555
1191,2014-09-26,53.05500030517578,52.63999938964844,52.86249923706055,52.98500061035156,7178800.0,50.17296600341797
1192,2014-09-29,52.8650016784668,52.279998779296875,52.5525016784668,52.73249816894531,8788800.0,49.933868408203125
1193,2014-09-30,53.505001068115234,52.755001068115234,52.79249954223633,53.342498779296875,11456000.0,50.51149368286133
1194,2014-10-01,53.45249938964844,52.4375,53.212501525878906,52.502498626708984,11686000.0,49.7160758972168
1195,2014-10-02,52.5,51.95000076293945,52.25,52.43000030517578,11411600.0,49.64741897583008
1196,2014-10-03,53.07500076293945,52.54499816894531,52.75749969482422,52.997501373291016,9960800.0,50.18480682373047
1197,2014-10-06,53.287498474121094,52.915000915527344,53.147499084472656,52.9474983215332,8937200.0,50.137454986572266
1198,2014-10-07,52.772499084472656,51.962501525878906,52.70249938964844,52.01250076293945,8949600.0,49.252079010009766
1199,2014-10-08,53.1349983215332,51.92499923706055,52.00749969482422,53.09000015258789,14038800.0,50.27238845825195
1200,2014-10-09,53.0525016784668,51.89500045776367,53.0525016784668,51.9275016784668,10996800.0,49.17158889770508
1201,2014-10-10,52.39250183105469,51.244998931884766,51.97249984741211,51.244998931884766,11744400.0,48.525306701660156
1202,2014-10-13,51.9375,50.93000030517578,51.125,51.06999969482422,12188800.0,48.35960006713867
1203,2014-10-14,51.474998474121094,50.61000061035156,51.102500915527344,50.68000030517578,14018000.0,47.99030303955078
1204,2014-10-15,50.49250030517578,49.23749923706055,50.21500015258789,50.0625,19668000.0,47.40557861328125
1205,2014-10-16,50.8025016784668,48.79750061035156,49.272499084472656,50.75,15625600.0,48.05659103393555
1206,2014-10-17,51.64250183105469,50.89250183105469,51.209999084472656,51.5,12731600.0,48.76676940917969
1207,2014-10-20,52.04999923706055,51.28499984741211,51.38249969482422,51.962501525878906,7628000.0,49.204742431640625
1208,2014-10-21,53.345001220703125,51.974998474121094,52.44499969482422,53.32749938964844,12986000.0,50.49728775024414
1209,2014-10-22,53.48749923706055,52.692501068115234,53.3224983215332,52.72999954223633,11042000.0,49.931495666503906
1210,2014-10-23,53.974998474121094,53.16999816894531,53.467498779296875,53.56999969482422,9729600.0,50.72692108154297
1211,2014-10-24,53.537498474121094,52.96500015258789,53.407501220703125,53.369998931884766,10896000.0,50.537532806396484
1212,2014-10-27,53.682498931884766,53.0525016784668,53.26499938964844,53.352500915527344,6658800.0,50.52095413208008
1213,2014-10-28,54.21500015258789,53.51499938964844,53.65250015258789,54.1775016784668,10497600.0,51.30218505859375
1214,2014-10-29,54.599998474121094,53.4375,54.07749938964844,53.665000915527344,16095200.0,50.81687927246094
1215,2014-10-30,59.81999969482422,57.005001068115234,57.13249969482422,59.162498474121094,50857600.0,56.022605895996094
1216,2014-10-31,60.625,59.3224983215332,59.3224983215332,60.35749816894531,24956000.0,57.154178619384766
1217,2014-11-03,60.79999923706055,59.75,60.244998931884766,60.3849983215332,12716000.0,57.18022537231445
1218,2014-11-04,60.752498626708984,59.775001525878906,59.912498474121094,60.74250030517578,16644400.0,57.51875305175781
1219,2014-11-05,63.084999084472656,61.0,61.040000915527344,62.38249969482422,21939600.0,59.071720123291016
1220,2014-11-06,62.724998474121094,61.8849983215332,62.377498626708984,62.522499084472656,13212000.0,59.204288482666016
1221,2014-11-07,63.10749816894531,62.2599983215332,62.529998779296875,63.10749816894531,9507600.0,59.75823974609375
1222,2014-11-10,63.099998474121094,62.13249969482422,62.994998931884766,62.5525016784668,13145200.0,59.23270034790039
1223,2014-11-11,62.470001220703125,62.040000915527344,62.29499816894531,62.432498931884766,8467600.0,59.11905288696289
1224,2014-11-12,63.040000915527344,62.084999084472656,62.212501525878906,62.98749923706055,10897200.0,60.106727600097656
1225,2014-11-13,63.099998474121094,62.397499084472656,63.099998474121094,62.72999954223633,12473200.0,59.86101150512695
1226,2014-11-14,62.790000915527344,62.182498931884766,62.78499984741211,62.209999084472656,8532800.0,59.36478805541992
1227,2014-11-17,62.85749816894531,62.040000915527344,62.14500045776367,62.45000076293945,9876800.0,59.59381103515625
1228,2014-11-18,62.932498931884766,62.26750183105469,62.4474983215332,62.432498931884766,7647200.0,59.577110290527344
1229,2014-11-19,62.70750045776367,61.79750061035156,62.557498931884766,62.46500015258789,6642800.0,59.60813903808594
1230,2014-11-20,62.97249984741211,61.877498626708984,61.88249969482422,62.91749954223633,6704000.0,60.0399284362793
1231,2014-11-21,64.13999938964844,63.20500183105469,63.78499984741211,63.55500030517578,11886800.0,60.64827346801758
1232,2014-11-24,63.8125,63.400001525878906,63.75,63.654998779296875,10724800.0,60.74369812011719
1233,2014-11-25,64.5,63.70500183105469,63.84000015258789,64.31500244140625,12966400.0,61.37351989746094
1234,2014-11-26,64.73750305175781,63.900001525878906,64.37000274658203,64.31500244140625,7977200.0,61.37351989746094
1235,2014-11-28,64.875,64.4749984741211,64.6449966430664,64.54750061035156,5186800.0,61.59538269042969
1236,2014-12-01,65.1624984741211,64.06749725341797,64.06749725341797,64.5374984741211,10925600.0,61.585845947265625
1237,2014-12-02,65.0625,64.55750274658203,64.7925033569336,65.00250244140625,8535200.0,62.02956008911133
1238,2014-12-03,65.47000122070312,64.67250061035156,64.91000366210938,65.4000015258789,9382000.0,62.408897399902344
1239,2014-12-04,65.5625,65.01249694824219,65.5199966430664,65.28500366210938,7362400.0,62.299163818359375
1240,2014-12-05,65.87249755859375,65.25,65.41000366210938,65.8375015258789,7838000.0,62.82637405395508
1241,2014-12-08,66.40750122070312,65.62999725341797,65.875,65.7750015258789,12342000.0,62.7667350769043
1242,2014-12-09,66.18250274658203,64.875,64.875,66.03500366210938,10454000.0,63.01484298706055
1243,2014-12-10,66.20999908447266,65.25,65.94499969482422,65.43000030517578,8528000.0,62.43750762939453
1244,2014-12-11,66.3949966430664,65.62750244140625,65.73750305175781,65.77999877929688,13383600.0,62.771507263183594
1245,2014-12-12,66.11250305175781,64.19499969482422,65.13249969482422,64.19499969482422,15325600.0,61.25899887084961
1246,2014-12-15,64.7125015258789,63.272499084472656,64.5425033569336,64.17500305175781,12825200.0,61.23992156982422
1247,2014-12-16,64.61250305175781,63.087501525878906,63.22999954223633,63.352500915527344,12050400.0,60.45502853393555
1248,2014-12-17,64.88999938964844,63.42499923706055,63.529998779296875,64.7699966430664,9714400.0,61.807701110839844
1249,2014-12-18,66.11250305175781,65.28500366210938,65.45999908447266,66.04000091552734,10318000.0,63.01961135864258
1250,2014-12-19,66.1449966430664,65.34500122070312,65.83999633789062,65.4175033569336,15563600.0,62.42559814453125
1251,2014-12-22,66.07749938964844,65.50749969482422,65.6050033569336,66.05249786376953,5680000.0,63.031524658203125
1252,2014-12-23,66.6050033569336,66.01499938964844,66.25250244140625,66.31500244140625,5537600.0,63.28203201293945
1253,2014-12-24,67.2125015258789,66.34500122070312,66.37249755859375,66.90750122070312,5236800.0,63.84742736816406
1254,2014-12-26,67.33000183105469,66.65499877929688,66.90750122070312,66.65499877929688,4768800.0,63.60649871826172
1255,2014-12-29,66.92500305175781,66.26249694824219,66.62000274658203,66.35749816894531,5262400.0,63.32261657714844
1256,2014-12-30,66.34500122070312,65.7699966430664,66.2750015258789,66.13749694824219,4781600.0,63.1126594543457
1257,2014-12-31,66.8125,65.54499816894531,66.37000274658203,65.55000305175781,5904800.0,62.552024841308594
1258,2015-01-02,66.6875,65.62249755859375,65.84500122070312,66.25499725341797,8389600.0,63.22479248046875
1259,2015-01-05,65.875,64.71749877929688,65.87249755859375,64.7925033569336,12751200.0,61.82917785644531
1260,2015-01-06,65.19499969482422,63.71500015258789,64.94750213623047,64.375,11070000.0,61.430755615234375
1261,2015-01-07,65.28500366210938,64.36250305175781,64.61000061035156,65.23750305175781,9346800.0,62.25382614135742
1262,2015-01-08,66.27999877929688,65.65750122070312,65.80000305175781,66.11250305175781,10443200.0,63.08881378173828
1263,2015-01-09,66.11750030517578,64.94249725341797,65.90249633789062,65.13249969482422,10523600.0,62.15361404418945
1264,2015-01-12,65.5,64.78500366210938,65.26000213623047,65.00499725341797,6425600.0,62.031951904296875
1265,2015-01-13,66.45249938964844,64.77749633789062,65.50499725341797,65.19499969482422,10284000.0,62.21326446533203
1266,2015-01-14,64.6500015258789,63.529998779296875,64.16000366210938,63.88999938964844,12225200.0,60.96794509887695
1267,2015-01-15,64.36750030517578,63.09000015258789,64.17749786376953,63.282501220703125,10569200.0,60.38823699951172
1268,2015-01-16,63.775001525878906,62.875,62.974998474121094,63.73749923706055,11137200.0,60.82243347167969
1269,2015-01-20,64.92250061035156,63.564998626708984,64.05500030517578,64.20999908447266,14933200.0,61.2733268737793
1270,2015-01-21,64.90750122070312,63.625,64.04000091552734,64.31999969482422,9784000.0,61.3782844543457
1271,2015-01-22,64.75,63.342498779296875,63.86249923706055,64.4000015258789,11566000.0,61.45463180541992
1272,2015-01-23,65.1624984741211,64.54499816894531,64.62999725341797,64.57250213623047,6166800.0,61.61924743652344
1273,2015-01-26,64.32250213623047,63.45000076293945,64.23500061035156,64.13249969482422,8552400.0,61.19935989379883
1274,2015-01-27,63.4474983215332,62.14500045776367,63.4474983215332,62.747501373291016,11027600.0,59.87770080566406
1275,2015-01-28,63.252498626708984,61.57500076293945,63.13249969482422,61.59000015258789,11430800.0,58.77314376831055
1276,2015-01-29,62.20000076293945,61.29249954223633,61.88249969482422,62.0,15668400.0,59.164405822753906
1277,2015-01-30,65.90499877929688,63.727500915527344,65.0999984741211,63.727500915527344,22151600.0,60.81288146972656
1278,2015-02-02,64.07749938964844,62.42499923706055,64.07749938964844,63.834999084472656,13665200.0,60.915462493896484
1279,2015-02-03,65.11250305175781,63.685001373291016,64.17749786376953,64.94750213623047,15075600.0,61.97708511352539
1280,2015-02-04,66.68250274658203,64.7750015258789,64.89749908447266,66.22250366210938,22170800.0,63.193782806396484
1281,2015-02-05,67.94999694824219,66.4749984741211,66.8125,67.94999694824219,16565600.0,64.84225463867188
1282,2015-02-06,68.11250305175781,66.51000213623047,67.9375,66.8550033569336,11242000.0,63.79734420776367
1283,2015-02-09,67.08499908447266,66.31999969482422,66.85250091552734,66.36499786376953,7834400.0,63.32974624633789
1284,2015-02-10,66.96749877929688,65.90750122070312,66.6875,66.13749694824219,9396800.0,63.1126594543457
1285,2015-02-11,66.57499694824219,66.0625,66.24500274658203,66.49749755859375,8795600.0,63.92008590698242
1286,2015-02-12,67.72750091552734,66.76499938964844,66.90499877929688,67.72750091552734,11641600.0,65.10242462158203
1287,2015-02-13,68.1875,67.19499969482422,68.1875,67.40750122070312,8476000.0,64.79483795166016
1288,2015-02-17,67.99749755859375,67.46749877929688,67.87000274658203,67.71749877929688,6810400.0,65.09281921386719
1289,2015-02-18,67.75,67.0374984741211,67.71749877929688,67.27999877929688,6429200.0,64.67227172851562
1290,2015-02-19,67.51750183105469,67.0,67.51750183105469,67.2750015258789,5654800.0,64.6674575805664
1291,2015-02-20,68.25,66.76499938964844,67.26000213623047,68.25,9034800.0,65.60467529296875
1292,2015-02-23,68.33000183105469,67.5625,68.23999786376953,68.25250244140625,6654800.0,65.6070785522461
1293,2015-02-24,68.45249938964844,67.7925033569336,68.45249938964844,68.11750030517578,9045200.0,65.4773178100586
1294,2015-02-25,68.55750274658203,67.81500244140625,67.81500244140625,68.25250244140625,6842800.0,65.6070785522461
1295,2015-02-26,68.625,68.00499725341797,68.30000305175781,68.4375,13459600.0,65.78491973876953
1296,2015-02-27,68.54750061035156,67.82749938964844,68.36750030517578,67.82749938964844,7965200.0,65.19855499267578
1297,2015-03-02,69.57250213623047,68.61000061035156,69.17749786376953,69.57250213623047,11653600.0,66.87590789794922
1298,2015-03-03,69.6624984741211,68.375,69.6624984741211,68.82499694824219,8807200.0,66.15737915039062
1299,2015-03-04,68.7874984741211,68.0625,68.7874984741211,68.4375,8021200.0,65.78491973876953
1300,2015-03-05,68.78500366210938,68.4375,68.75,68.53250122070312,6756000.0,65.87622833251953
1301,2015-03-06,68.62000274658203,67.3125,68.3499984741211,67.33499908447266,11590800.0,64.72513580322266
1302,2015-03-09,68.05249786376953,67.2699966430664,67.62999725341797,67.8550033569336,8902000.0,65.22499084472656
1303,2015-03-10,67.46499633789062,66.30000305175781,67.41000366210938,66.30000305175781,11125600.0,63.730262756347656
1304,2015-03-11,66.84500122070312,65.76249694824219,66.40750122070312,66.1875,12105200.0,63.62211990356445
1305,2015-03-12,67.5,66.57499694824219,66.5999984741211,67.3949966430664,9530800.0,64.78282165527344
1306,2015-03-13,67.20999908447266,66.125,67.20999908447266,66.25749969482422,12578800.0,63.68940734863281
1307,2015-03-16,67.51249694824219,66.65750122070312,66.72250366210938,67.25499725341797,9849600.0,64.64823150634766
1308,2015-03-17,67.08999633789062,66.03500366210938,67.01499938964844,66.125,14290800.0,63.56202697753906
1309,2015-03-18,66.99500274658203,64.75250244140625,66.02249908447266,66.9175033569336,50658000.0,64.32381439208984
1310,2015-03-19,67.19000244140625,65.75,66.83000183105469,66.80999755859375,15407500.0,64.22048950195312
1311,2015-03-20,67.69999694824219,66.77999877929688,67.25,67.41000366210938,15372000.0,64.79724884033203
1312,2015-03-23,68.20999908447266,67.06999969482422,68.02999877929688,67.08000183105469,8128000.0,64.48001861572266
1313,2015-03-24,67.69000244140625,66.83999633789062,67.0999984741211,67.0999984741211,6534800.0,64.499267578125
1314,2015-03-25,67.43000030517578,65.7300033569336,67.0999984741211,65.7300033569336,13054300.0,63.18235397338867
1315,2015-03-26,66.30000305175781,65.0199966430664,65.25,65.58999633789062,9487200.0,63.04777526855469
1316,2015-03-27,65.80999755859375,65.1500015258789,65.5199966430664,65.54000091552734,6521100.0,62.99972152709961
1317,2015-03-30,66.31999969482422,65.5,66.0199966430664,65.66000366210938,11237100.0,63.115055084228516
1318,2015-03-31,66.20999908447266,65.38999938964844,65.47000122070312,65.41000366210938,7400500.0,62.87476348876953
1319,2015-04-01,65.5199966430664,64.44999694824219,65.44999694824219,65.18000030517578,7633000.0,62.65367126464844
1320,2015-04-02,65.62000274658203,64.80999755859375,64.98999786376953,65.29000091552734,5083000.0,62.7593994140625
1321,2015-04-06,65.63999938964844,64.41000366210938,64.7300033569336,65.19999694824219,8351200.0,62.67288589477539
1322,2015-04-07,66.19000244140625,65.30999755859375,65.37999725341797,65.80000305175781,6660800.0,63.24962615966797
1323,2015-04-08,66.83999633789062,65.80000305175781,65.88999938964844,66.5,6604200.0,63.92250061035156
1324,2015-04-09,66.81999969482422,65.76000213623047,66.56999969482422,66.44000244140625,5408500.0,63.86481475830078
1325,2015-04-10,66.69000244140625,65.93000030517578,66.69000244140625,66.33999633789062,4628500.0,63.768707275390625
1326,2015-04-13,66.80000305175781,65.51000213623047,66.22000122070312,65.61000061035156,5059800.0,63.06700134277344
1327,2015-04-14,65.94000244140625,64.87999725341797,65.5199966430664,65.52999877929688,5621800.0,62.9901008605957
1328,2015-04-15,65.91000366210938,65.30000305175781,65.5999984741211,65.68000030517578,5347100.0,63.13429641723633
1329,2015-04-16,66.01000213623047,65.3499984741211,65.52999877929688,65.6500015258789,4121300.0,63.10544967651367
1330,2015-04-17,65.5,64.3499984741211,65.0999984741211,64.5199966430664,11212900.0,62.01924514770508
1331,2015-04-20,65.20999908447266,64.58000183105469,65.0,64.72000122070312,5948900.0,62.211490631103516
1332,2015-04-21,65.83000183105469,64.98999786376953,65.02999877929688,65.3499984741211,9619700.0,62.81707000732422
1333,2015-04-22,69.9800033569336,65.79000091552734,65.81999969482422,68.01000213623047,20912400.0,65.37396240234375
1334,2015-04-23,68.22000122070312,67.5199966430664,68.19999694824219,67.72000122070312,7193400.0,65.09522247314453
1335,2015-04-24,68.18000030517578,67.30999755859375,68.12999725341797,67.4800033569336,6219900.0,64.86450958251953
1336,2015-04-27,68.61000061035156,66.93000030517578,68.38999938964844,67.0999984741211,7122400.0,64.499267578125
1337,2015-04-28,67.5,66.41000366210938,67.30999755859375,66.7699966430664,6297500.0,64.1820297241211
1338,2015-04-29,68.45999908447266,66.77999877929688,66.86000061035156,67.33999633789062,9812400.0,64.72994232177734
1339,2015-04-30,67.5,65.41999816894531,67.18000030517578,66.05000305175781,11780600.0,63.48994445800781
1340,2015-05-01,66.66000366210938,65.1500015258789,65.22000122070312,65.7699966430664,10142800.0,63.220802307128906
1341,2015-05-04,66.13999938964844,65.47000122070312,66.05000305175781,65.58000183105469,7426400.0,63.03816223144531
1342,2015-05-05,66.38999938964844,65.5999984741211,65.7699966430664,65.95999908447266,8099800.0,63.4034309387207
1343,2015-05-06,66.6500015258789,65.2300033569336,66.1500015258789,65.66999816894531,7084600.0,63.124664306640625
1344,2015-05-07,66.77999877929688,65.54000091552734,65.58000183105469,66.58000183105469,6660300.0,63.99938201904297
1345,2015-05-08,70.16000366210938,67.01000213623047,67.13999938964844,69.47000122070312,18359000.0,66.77739715576172
1346,2015-05-11,69.69999694824219,68.79000091552734,69.30000305175781,69.0199966430664,10998500.0,66.34483337402344
1347,2015-05-12,69.0,67.97000122070312,68.55000305175781,68.69000244140625,7438200.0,66.02762603759766
1348,2015-05-13,68.87999725341797,68.19000244140625,68.75,68.6500015258789,5129800.0,66.10464477539062
1349,2015-05-14,70.02999877929688,68.8499984741211,68.95999908447266,70.0,6491100.0,67.40458679199219
1350,2015-05-15,70.69000244140625,69.30999755859375,70.0999984741211,69.56999969482422,7121000.0,66.99054718017578
1351,2015-05-18,70.23999786376953,69.12999725341797,69.73999786376953,70.0,5553800.0,67.40458679199219
1352,2015-05-19,70.55999755859375,70.0,70.13999938964844,70.16000366210938,4351000.0,67.55867004394531
1353,2015-05-20,70.31999969482422,69.4800033569336,70.25,69.77999877929688,4870100.0,67.19275665283203
1354,2015-05-21,69.87000274658203,69.27999877929688,69.55000305175781,69.37000274658203,6483800.0,66.7979736328125
1355,2015-05-22,69.8499984741211,69.30000305175781,69.30000305175781,69.62000274658203,4511700.0,67.0386734008789
1356,2015-05-26,69.5,68.30999755859375,69.30999755859375,68.54000091552734,6228100.0,65.99874114990234
1357,2015-05-27,69.73999786376953,68.5,68.8499984741211,69.48999786376953,7064800.0,66.91350555419922
1358,2015-05-28,69.77999877929688,68.80000305175781,69.4800033569336,69.55999755859375,3893900.0,66.98090362548828
1359,2015-05-29,69.5999984741211,68.5199966430664,69.33000183105469,68.68000030517578,6678100.0,66.133544921875
1360,2015-06-01,69.44999694824219,68.43000030517578,69.12999725341797,69.11000061035156,6309400.0,66.54761505126953
1361,2015-06-02,69.45999908447266,68.01000213623047,68.7300033569336,69.04000091552734,4457400.0,66.4802017211914
1362,2015-06-03,69.5,68.88999938964844,69.26000213623047,68.94999694824219,4906400.0,66.39353942871094
1363,2015-06-04,69.1500015258789,68.02999877929688,68.62999725341797,68.20999908447266,6460000.0,65.68098449707031
1364,2015-06-05,68.69999694824219,68.0,68.29000091552734,68.37000274658203,4413100.0,65.83503723144531
1365,2015-06-08,68.29000091552734,67.62000274658203,68.19000244140625,67.68000030517578,4864300.0,65.1706314086914
1366,2015-06-09,68.08999633789062,67.52999877929688,67.66999816894531,67.94999694824219,4439700.0,65.43059539794922
1367,2015-06-10,69.66999816894531,68.11000061035156,68.22000122070312,69.62999725341797,6807800.0,67.04832458496094
1368,2015-06-11,70.0199966430664,69.41999816894531,69.69999694824219,69.63999938964844,5238700.0,67.05792999267578
1369,2015-06-12,69.73999786376953,69.0199966430664,69.43000030517578,69.33000183105469,4900700.0,66.75942993164062
1370,2015-06-15,68.98999786376953,68.16999816894531,68.72000122070312,68.56999969482422,5995100.0,66.02761840820312
1371,2015-06-16,69.16999816894531,68.29000091552734,68.44999694824219,69.01000213623047,5937400.0,66.4513168334961
1372,2015-06-17,69.41000366210938,68.51000213623047,69.11000061035156,68.75,7818300.0,66.20093536376953
1373,2015-06-18,69.83999633789062,68.87999725341797,68.9000015258789,69.5,7596800.0,66.92313385009766
1374,2015-06-19,69.33000183105469,68.4800033569336,69.2699966430664,68.69000244140625,8728800.0,66.1431655883789
1375,2015-06-22,69.44000244140625,68.9000015258789,69.31999969482422,69.08999633789062,5511700.0,66.52832794189453
1376,2015-06-23,69.58999633789062,69.08999633789062,69.0999984741211,69.41999816894531,3888700.0,66.84609985351562
1377,2015-06-24,69.4000015258789,68.76000213623047,69.11000061035156,68.86000061035156,4670600.0,66.30686950683594
1378,2015-06-25,69.37999725341797,68.51000213623047,69.37999725341797,68.62000274658203,4705100.0,66.07579040527344
1379,2015-06-26,69.20999908447266,68.41000366210938,68.69999694824219,68.75,7025600.0,66.20093536376953
1380,2015-06-29,68.48999786376953,66.69000244140625,67.98999786376953,66.72000122070312,9706700.0,64.24623107910156
1381,2015-06-30,67.4800033569336,66.76000213623047,67.33999633789062,67.1500015258789,6811000.0,64.66027069091797
1382,2015-07-01,68.30000305175781,67.52999877929688,67.94000244140625,67.8499984741211,6260800.0,65.33431243896484
1383,2015-07-02,68.31999969482422,67.62000274658203,68.1500015258789,68.23999786376953,5053000.0,65.70985412597656
1384,2015-07-06,68.12000274658203,67.36000061035156,67.55000305175781,68.12000274658203,5270600.0,65.59428405761719
1385,2015-07-07,68.19999694824219,66.52999877929688,68.11000061035156,67.7699966430664,6500700.0,65.25727844238281
1386,2015-07-08,67.31999969482422,66.6500015258789,67.01000213623047,66.7300033569336,5973500.0,64.255859375
1387,2015-07-09,67.94000244140625,67.0199966430664,67.6500015258789,67.05000305175781,4837800.0,64.56399536132812
1388,2015-07-10,68.54000091552734,67.91000366210938,67.9800033569336,68.41999816894531,5110200.0,65.88316345214844
1389,2015-07-13,69.5999984741211,68.83000183105469,69.05000305175781,69.5199966430664,6832300.0,66.94239044189453
1390,2015-07-14,70.30000305175781,69.47000122070312,69.97000122070312,70.0999984741211,5635400.0,67.50088500976562
1391,2015-07-15,70.27999877929688,69.69000244140625,70.12999725341797,70.0199966430664,4506200.0,67.42383575439453
1392,2015-07-16,70.58999633789062,69.97000122070312,70.43000030517578,70.56999969482422,6512500.0,67.95346069335938
1393,2015-07-17,70.95999908447266,70.27999877929688,70.4000015258789,70.87999725341797,6287600.0,68.25196075439453
1394,2015-07-20,73.0,71.2300033569336,71.29000091552734,72.69999694824219,10198500.0,70.00447845458984
1395,2015-07-21,72.87999725341797,71.76000213623047,72.83999633789062,72.0199966430664,10919600.0,69.34970092773438
1396,2015-07-22,72.1500015258789,71.62000274658203,71.94000244140625,71.97000122070312,6303200.0,69.30156707763672
1397,2015-07-23,72.25,71.19999694824219,72.19999694824219,71.75,10755700.0,69.0896987915039
1398,2015-07-24,76.91999816894531,74.4000015258789,76.77999877929688,74.80000305175781,21196100.0,72.02664184570312
1399,2015-07-27,74.70999908447266,73.58000183105469,74.27999877929688,73.86000061035156,10293800.0,71.12149810791016
1400,2015-07-28,75.18000030517578,73.8499984741211,74.30000305175781,74.73999786376953,10054300.0,71.9688491821289
1401,2015-07-29,76.43000030517578,74.66999816894531,74.94999694824219,76.01000213623047,13746900.0,73.19175720214844
1402,2015-07-30,76.76000213623047,75.23999786376953,75.88999938964844,76.37999725341797,6507000.0,73.54804229736328
1403,2015-07-31,76.51000213623047,75.31999969482422,76.44999694824219,75.33999633789062,8526300.0,72.5466079711914
1404,2015-08-03,76.04000091552734,75.01000213623047,75.58999633789062,75.7699966430664,5810800.0,72.96065521240234
1405,2015-08-04,76.08000183105469,75.02999877929688,75.52999877929688,75.2699966430664,6957900.0,72.47920227050781
1406,2015-08-05,76.16999816894531,74.91999816894531,76.05000305175781,74.9800033569336,6976400.0,72.199951171875
1407,2015-08-06,75.41999816894531,73.55000305175781,75.30000305175781,73.58000183105469,7767800.0,70.85186767578125
1408,2015-08-07,74.30999755859375,73.31999969482422,73.68000030517578,74.20999908447266,6484600.0,71.45849609375
1409,2015-08-10,75.18000030517578,73.8499984741211,74.88999938964844,74.37999725341797,6183500.0,71.62220001220703
1410,2015-08-11,74.2699966430664,73.22000122070312,73.80999755859375,73.36000061035156,6476000.0,70.6400146484375
1411,2015-08-12,73.83000183105469,72.38999938964844,72.87000274658203,73.54000091552734,7625100.0,70.92935943603516
1412,2015-08-13,74.43000030517578,73.37999725341797,73.43000030517578,73.93000030517578,5992000.0,71.30553436279297
1413,2015-08-14,74.4000015258789,73.44999694824219,73.8499984741211,74.22000122070312,3861500.0,71.5852279663086
1414,2015-08-17,74.44000244140625,73.5,74.0,74.41000366210938,3473500.0,71.76847839355469
1415,2015-08-18,74.7300033569336,74.01000213623047,74.26000213623047,74.47000122070312,6325500.0,71.82635498046875
1416,2015-08-19,74.95999908447266,73.66999816894531,74.19999694824219,74.4000015258789,5886900.0,71.75885009765625
1417,2015-08-20,74.52999877929688,72.80999755859375,73.55999755859375,73.94999694824219,12082300.0,71.32479095458984
1418,2015-08-21,73.62000274658203,70.95999908447266,72.5,71.19000244140625,15752200.0,68.66281127929688
1419,2015-08-24,69.36000061035156,60.0,64.16000366210938,68.36000061035156,20950600.0,65.93326568603516
1420,2015-08-25,71.80000305175781,66.5999984741211,71.69000244140625,66.97000122070312,14485000.0,64.59261322021484
1421,2015-08-26,70.98999786376953,67.9000015258789,69.37000274658203,70.69000244140625,12220000.0,68.18052673339844
1422,2015-08-27,72.48999786376953,70.80000305175781,71.94000244140625,72.4000015258789,9122200.0,69.82981872558594
1423,2015-08-28,72.66999816894531,71.5999984741211,72.0999984741211,72.45999908447266,6411400.0,69.88771057128906
1424,2015-08-31,72.08000183105469,70.81999969482422,71.91000366210938,71.30000305175781,8313300.0,68.76890563964844
1425,2015-09-01,70.38999938964844,68.5,69.41000366210938,68.95999908447266,11491500.0,66.511962890625
1426,2015-09-02,69.94999694824219,68.69999694824219,69.94000244140625,69.62000274658203,9218000.0,67.14852905273438
1427,2015-09-03,71.08000183105469,69.98999786376953,70.44999694824219,70.4000015258789,9035200.0,67.90082550048828
1428,2015-09-04,69.91000366210938,68.63999938964844,69.29000091552734,69.16000366210938,9469400.0,66.7048568725586
1429,2015-09-08,71.01000213623047,69.55000305175781,70.75,70.52999877929688,7984900.0,68.02622985839844
1430,2015-09-09,71.37999725341797,69.43000030517578,70.75,69.5999984741211,9022200.0,67.12921905517578
1431,2015-09-10,70.6500015258789,69.45999908447266,69.5,70.2300033569336,7244200.0,67.73686218261719
1432,2015-09-11,70.80999755859375,69.45999908447266,69.86000061035156,70.76000213623047,6452100.0,68.248046875
1433,2015-09-14,70.80000305175781,69.61000061035156,70.72000122070312,70.01000213623047,7059300.0,67.5246810913086
1434,2015-09-15,70.75,69.51000213623047,70.4800033569336,70.51000213623047,6962600.0,68.00692749023438
1435,2015-09-16,71.11000061035156,70.05000305175781,70.44999694824219,70.98999786376953,8207600.0,68.46989440917969
1436,2015-09-17,72.31999969482422,70.5,71.30000305175781,70.95999908447266,7663300.0,68.44095611572266
1437,2015-09-18,70.80999755859375,69.70999908447266,69.81999969482422,69.79000091552734,14508100.0,67.31249237060547
1438,2015-09-21,71.31999969482422,70.22000122070312,70.62000274658203,70.77999877929688,12756500.0,68.26734924316406
1439,2015-09-22,70.38999938964844,69.30999755859375,70.0,70.25,11394000.0,67.75614929199219
1440,2015-09-23,71.1500015258789,69.9000015258789,70.16000366210938,70.94999694824219,10655800.0,68.43131256103516
1441,2015-09-24,70.62999725341797,69.63999938964844,70.3499984741211,70.23999786376953,8406700.0,67.74650573730469
1442,2015-09-25,71.45999908447266,70.20999908447266,71.19000244140625,70.69000244140625,7756600.0,68.18052673339844
1443,2015-09-28,70.27999877929688,67.02999877929688,70.19000244140625,67.19999694824219,15261200.0,64.81443786621094
1444,2015-09-29,68.69999694824219,67.19999694824219,67.5199966430664,68.52999877929688,11326700.0,66.09722900390625
1445,2015-09-30,69.66000366210938,68.26000213623047,69.31999969482422,69.66000366210938,9309200.0,67.1871109008789
1446,2015-10-01,70.7699966430664,68.9800033569336,70.08999633789062,69.98999786376953,8679900.0,67.5053939819336
1447,2015-10-02,70.7300033569336,68.36000061035156,68.80000305175781,70.66999816894531,7460400.0,68.16124725341797
1448,2015-10-05,72.33999633789062,70.91999816894531,71.05999755859375,72.2300033569336,7286800.0,69.66588592529297
1449,2015-10-06,72.54000091552734,71.83000183105469,72.22000122070312,72.08000183105469,5782500.0,69.52120208740234
1450,2015-10-07,73.2300033569336,72.44999694824219,72.68000030517578,73.22000122070312,6208900.0,70.62074279785156
1451,2015-10-08,73.93000030517578,72.83000183105469,73.0,73.9000015258789,5713100.0,71.2765884399414
1452,2015-10-09,74.08999633789062,73.4000015258789,74.04000091552734,73.9800033569336,5947800.0,71.353759765625
1453,2015-10-12,75.43000030517578,73.66999816894531,73.73999786376953,74.98999786376953,5586300.0,72.32789611816406
1454,2015-10-13,75.25,74.1500015258789,74.45999908447266,75.0,7439400.0,72.33753967285156
1455,2015-10-14,75.26000213623047,73.72000122070312,74.83999633789062,74.19999694824219,7568300.0,71.5659408569336
1456,2015-10-15,75.41000366210938,74.58000183105469,74.95999908447266,75.33999633789062,6856200.0,72.66548919677734
1457,2015-10-16,76.54000091552734,74.79000091552734,75.33000183105469,76.0,9117400.0,73.30204772949219
1458,2015-10-19,77.33000183105469,75.93000030517578,75.93000030517578,76.98999786376953,9952600.0,74.25690460205078
1459,2015-10-20,76.88999938964844,75.93000030517578,76.63999938964844,76.27999877929688,8148800.0,73.57209014892578
1460,2015-10-21,76.94000244140625,75.30999755859375,76.94000244140625,75.45999908447266,7277900.0,72.78121185302734
1461,2015-10-22,76.8499984741211,75.63999938964844,75.88999938964844,76.41999816894531,9093400.0,73.70712280273438
1462,2015-10-23,77.62999725341797,74.94999694824219,77.45999908447266,77.06999969482422,11971300.0,74.33406829833984
1463,2015-10-26,78.30999755859375,77.08999633789062,78.08000183105469,78.18000030517578,8019400.0,75.40463256835938
1464,2015-10-27,78.18000030517578,77.05999755859375,78.02999877929688,77.5199966430664,9527400.0,74.76808166503906
1465,2015-10-28,78.88999938964844,77.44000244140625,77.81999969482422,78.87000274658203,10850200.0,76.0701675415039
1466,2015-10-29,78.70999908447266,77.93000030517578,78.58999633789062,78.51000213623047,7648600.0,75.72294616699219
1467,2015-10-30,78.80999755859375,77.55999755859375,78.72000122070312,77.58000183105469,11186500.0,74.82595825195312
1468,2015-11-02,76.20999908447266,74.52999877929688,75.19000244140625,75.22000122070312,29966000.0,72.54972839355469
1469,2015-11-03,78.58000183105469,74.80999755859375,75.12999725341797,77.9000015258789,18899900.0,75.13459014892578
1470,2015-11-04,78.83000183105469,77.9000015258789,78.37000274658203,78.3499984741211,8640800.0,75.568603515625
1471,2015-11-05,79.70999908447266,78.41999816894531,78.41999816894531,79.26000213623047,9392600.0,76.4463119506836
1472,2015-11-06,79.56999969482422,78.31999969482422,79.56999969482422,78.75,8221600.0,75.95441436767578
1473,2015-11-09,78.4000015258789,77.29000091552734,78.4000015258789,78.04000091552734,10157300.0,75.26960754394531
1474,2015-11-10,79.52999877929688,77.61000061035156,77.6500015258789,79.4800033569336,8440300.0,76.7962875366211
1475,2015-11-11,80.25,79.16999816894531,79.8499984741211,79.18000030517578,8024400.0,76.50640106201172
1476,2015-11-12,79.1500015258789,78.13999938964844,78.86000061035156,78.30999755859375,8939800.0,75.665771484375
1477,2015-11-13,78.97000122070312,77.7699966430664,78.0199966430664,78.11000061035156,9913200.0,75.47252655029297
1478,2015-11-16,78.91000366210938,77.58000183105469,77.79000091552734,78.9000015258789,7805000.0,76.23585510253906
1479,2015-11-17,79.27999877929688,78.47000122070312,78.94000244140625,78.83000183105469,6942600.0,76.1682357788086
1480,2015-11-18,80.5,78.73999786376953,78.95999908447266,80.45999908447266,7212400.0,77.7431869506836
1481,2015-11-19,81.01000213623047,79.8499984741211,80.5999984741211,80.1500015258789,6082200.0,77.44364929199219
1482,2015-11-20,81.0,79.9800033569336,80.58999633789062,80.19000244140625,6764300.0,77.4822998046875
1483,2015-11-23,80.77999877929688,79.55999755859375,80.58999633789062,80.11000061035156,5910600.0,77.40499877929688
1484,2015-11-24,80.19999694824219,79.20999908447266,79.2300033569336,79.79000091552734,6040800.0,77.0958023071289
1485,2015-11-25,80.08999633789062,79.55999755859375,79.77999877929688,79.55999755859375,4268700.0,76.87358093261719
1486,2015-11-27,80.1500015258789,79.61000061035156,79.63999938964844,79.83999633789062,3139500.0,77.14412689208984
1487,2015-11-30,80.12999725341797,78.95999908447266,80.05999755859375,79.01000213623047,8874600.0,76.34215545654297
1488,2015-12-01,79.93000030517578,78.7699966430664,79.52999877929688,79.91000366210938,6702100.0,77.21175384521484
1489,2015-12-02,80.1500015258789,78.97000122070312,79.83000183105469,79.04000091552734,7310000.0,76.37113189697266
1490,2015-12-03,79.7699966430664,78.08000183105469,79.36000061035156,78.29000091552734,8689600.0,75.64647674560547
1491,2015-12-04,80.4000015258789,78.44999694824219,78.58000183105469,80.4000015258789,9944600.0,77.68522644042969
1492,2015-12-07,80.48999786376953,79.06999969482422,80.12999725341797,79.55000305175781,15262400.0,76.86392974853516
1493,2015-12-08,79.66999816894531,78.36000061035156,78.9800033569336,79.06999969482422,11344000.0,76.40010833740234
1494,2015-12-09,79.75,77.4000015258789,78.83000183105469,77.87999725341797,15361500.0,75.25031280517578
1495,2015-12-10,79.11000061035156,77.62999725341797,77.91000366210938,78.12000274658203,8717100.0,75.4822006225586
1496,2015-12-11,77.13999938964844,75.5199966430664,77.13999938964844,76.11000061035156,15625800.0,73.54006958007812
1497,2015-12-14,77.33000183105469,75.58000183105469,76.19999694824219,76.87000274658203,10361000.0,74.27438354492188
1498,2015-12-15,79.44999694824219,78.20999908447266,78.37000274658203,78.62000274658203,11355300.0,75.96531677246094
1499,2015-12-16,79.9800033569336,78.1500015258789,79.44999694824219,79.86000061035156,10497500.0,77.1634521484375
1500,2015-12-17,80.27999877929688,78.62999725341797,79.9800033569336,78.69000244140625,7555300.0,76.03296661376953
1501,2015-12-18,78.19000244140625,76.27999877929688,78.04000091552734,76.31999969482422,16271200.0,73.74297332763672
1502,2015-12-21,77.36000061035156,76.4000015258789,76.9000015258789,77.16999816894531,8442100.0,74.56427764892578
1503,2015-12-22,77.48999786376953,76.66000366210938,77.43000030517578,77.37999725341797,5699100.0,74.76718139648438
1504,2015-12-23,78.66000366210938,77.55999755859375,78.08000183105469,78.55999755859375,6335900.0,75.9073486328125
1505,2015-12-24,78.70999908447266,78.18000030517578,78.3499984741211,78.26000213623047,2188800.0,75.61749267578125
1506,2015-12-28,78.6500015258789,77.81999969482422,78.04000091552734,78.52999877929688,3680900.0,75.87836456298828
1507,2015-12-29,79.38999938964844,78.9000015258789,79.0,79.20999908447266,4627100.0,76.535400390625
1508,2015-12-30,79.19000244140625,78.26000213623047,79.06999969482422,78.3499984741211,4230400.0,75.70439910888672
1509,2015-12-31,78.80000305175781,77.55000305175781,78.23999786376953,77.55000305175781,6538300.0,74.93145751953125
1510,2016-01-04,76.37999725341797,75.01000213623047,76.05999755859375,75.69999694824219,13476800.0,73.14391326904297
1511,2016-01-05,76.51000213623047,75.54000091552734,76.25,76.2699966430664,8972700.0,73.69465637207031
1512,2016-01-06,75.8499984741211,74.8499984741211,75.0,75.2699966430664,16092000.0,72.72842407226562
1513,2016-01-07,75.08999633789062,73.3499984741211,73.76000213623047,73.79000091552734,12470800.0,71.29839324951172
1514,2016-01-08,74.51000213623047,72.75,74.05999755859375,72.87999725341797,9977600.0,70.41911315917969
1515,2016-01-11,74.08000183105469,72.66000366210938,73.11000061035156,73.91999816894531,13069500.0,71.42401123046875
1516,2016-01-12,75.0,74.0199966430664,74.5199966430664,74.76000213623047,10236900.0,72.23565673828125
1517,2016-01-13,75.38999938964844,72.98999786376953,75.2699966430664,73.0999984741211,12659600.0,70.6316909790039
1518,2016-01-14,74.5199966430664,72.66000366210938,73.1500015258789,73.80000305175781,10426200.0,71.30805969238281
1519,2016-01-15,72.94999694824219,70.66000366210938,71.94000244140625,71.83000183105469,18470500.0,69.40458679199219
1520,2016-01-19,73.0199966430664,70.66000366210938,72.94000244140625,71.38999938964844,16009600.0,68.97944641113281
1521,2016-01-20,71.41000366210938,69.04000091552734,69.95999908447266,70.68000030517578,16586000.0,68.29342651367188
1522,2016-01-21,72.33000183105469,70.0999984741211,70.72000122070312,71.55999755859375,11931200.0,69.14371490478516
1523,2016-01-22,73.18000030517578,72.12999725341797,72.66999816894531,72.69999694824219,8652600.0,70.24523162841797
1524,2016-01-25,72.91000366210938,71.58000183105469,72.76000213623047,71.73999786376953,9126200.0,69.3176040649414
1525,2016-01-26,72.2699966430664,71.55000305175781,72.18000030517578,71.87999725341797,7500200.0,69.45289611816406
1526,2016-01-27,72.4800033569336,70.58000183105469,71.9800033569336,70.91000366210938,9020500.0,68.51564025878906
1527,2016-01-28,71.8499984741211,69.33000183105469,71.41999816894531,69.33000183105469,15295600.0,66.98900604248047
1528,2016-01-29,74.5,68.76000213623047,70.43000030517578,74.48999786376953,40427800.0,71.97477722167969
1529,2016-02-01,74.77999877929688,73.25,74.08000183105469,74.37999725341797,12623500.0,71.86847686767578
1530,2016-02-02,74.20999908447266,73.12999725341797,73.5,73.4000015258789,9572700.0,70.92156982421875
1531,2016-02-03,74.62999725341797,72.43000030517578,73.76000213623047,74.37999725341797,9941900.0,71.86847686767578
1532,2016-02-04,74.62999725341797,72.76000213623047,74.0999984741211,73.68000030517578,14735700.0,71.192138671875
1533,2016-02-05,73.61000061035156,70.55000305175781,73.55999755859375,71.54000091552734,12939400.0,69.1243667602539
1534,2016-02-08,70.04000091552734,66.30000305175781,69.94999694824219,67.7699966430664,30542600.0,65.48167419433594
1535,2016-02-09,69.4800033569336,66.12000274658203,66.38999938964844,68.33000183105469,14882800.0,66.02277374267578
1536,2016-02-10,71.02999877929688,69.06999969482422,69.13999938964844,70.1500015258789,11369500.0,67.92047882080078
1537,2016-02-11,69.06999969482422,67.43000030517578,67.79000091552734,68.47000122070312,13962100.0,66.29386901855469
1538,2016-02-12,70.47000122070312,69.12000274658203,69.44000244140625,70.41999816894531,8710200.0,68.18187713623047
1539,2016-02-16,71.75,70.4000015258789,71.41000366210938,71.0999984741211,8780700.0,68.84028625488281
1540,2016-02-17,72.12000274658203,71.30000305175781,71.7300033569336,72.02999877929688,8494100.0,69.87831115722656
1541,2016-02-18,72.25,71.0199966430664,71.88999938964844,71.23999786376953,6938100.0,69.11192321777344
1542,2016-02-19,71.72000122070312,70.30000305175781,71.02999877929688,71.52999877929688,7750900.0,69.39326477050781
1543,2016-02-22,73.19000244140625,72.0999984741211,72.27999877929688,73.05999755859375,7481500.0,70.87754821777344
1544,2016-02-23,73.12000274658203,71.98999786376953,72.94999694824219,72.1500015258789,6177000.0,69.9947280883789
1545,2016-02-24,72.19000244140625,70.37999725341797,71.25,71.8499984741211,7728600.0,69.70368957519531
1546,2016-02-25,73.33999633789062,71.94000244140625,71.95999908447266,73.2699966430664,6840900.0,71.0812759399414
1547,2016-02-26,73.91000366210938,72.69000244140625,73.73999786376953,72.7300033569336,6714100.0,70.55740356445312
1548,2016-02-29,73.9000015258789,72.38999938964844,72.86000061035156,72.38999938964844,7786100.0,70.22754669189453
1549,2016-03-01,74.63999938964844,72.9000015258789,72.98999786376953,74.63999938964844,8705300.0,72.41033935546875
1550,2016-03-02,74.5999984741211,73.66000366210938,74.5,74.30000305175781,5739100.0,72.08049774169922
1551,2016-03-03,74.5,73.36000061035156,74.4800033569336,73.91000366210938,6588300.0,71.70217895507812
1552,2016-03-04,74.25,73.61000061035156,74.22000122070312,73.9000015258789,9475300.0,71.69245147705078
1553,2016-03-07,73.44999694824219,71.3499984741211,73.38999938964844,71.94000244140625,16671900.0,69.791015625
1554,2016-03-08,71.5199966430664,70.51000213623047,71.5,70.62000274658203,12394400.0,68.51043701171875
1555,2016-03-09,71.08000183105469,69.9000015258789,71.0,70.68000030517578,9291600.0,68.56864929199219
1556,2016-03-10,71.4000015258789,69.58000183105469,71.13999938964844,70.22000122070312,10135100.0,68.12239074707031
1557,2016-03-11,72.01000213623047,70.68000030517578,71.1500015258789,71.62999725341797,9466400.0,69.49028015136719
1558,2016-03-14,71.72000122070312,70.94999694824219,71.5999984741211,71.48999786376953,7916500.0,69.35445404052734
1559,2016-03-15,71.91000366210938,70.66000366210938,71.18000030517578,71.91000366210938,6442800.0,69.76190185546875
1560,2016-03-16,72.83000183105469,71.51000213623047,71.68000030517578,72.37000274658203,7561800.0,70.20817565917969
1561,2016-03-17,73.66999816894531,72.16999816894531,72.27999877929688,73.13999938964844,7411700.0,70.95515441894531
1562,2016-03-18,74.0999984741211,73.12999725341797,73.5,73.77999877929688,15026200.0,71.57604217529297
1563,2016-03-21,73.94000244140625,73.1500015258789,73.58000183105469,73.7699966430664,7397400.0,71.56633758544922
1564,2016-03-22,73.6500015258789,72.93000030517578,73.23999786376953,72.95999908447266,6796800.0,70.7805404663086
1565,2016-03-23,74.16999816894531,72.7699966430664,72.94999694824219,73.91000366210938,7287100.0,71.70217895507812
1566,2016-03-24,74.16000366210938,73.41000366210938,73.6500015258789,74.13999938964844,6303900.0,71.9252700805664
1567,2016-03-28,74.2699966430664,73.72000122070312,74.13999938964844,74.08000183105469,7283300.0,71.86709594726562
1568,2016-03-29,75.58999633789062,73.91999816894531,74.0199966430664,75.37999725341797,10541500.0,73.12822723388672
1569,2016-03-30,77.0,75.83999633789062,75.9000015258789,76.77999877929688,9691900.0,74.48641967773438
1570,2016-03-31,76.91999816894531,75.94999694824219,76.62000274658203,76.4800033569336,7490800.0,74.19538879394531
1571,2016-04-01,78.25,75.80000305175781,76.25,77.58999633789062,10183400.0,75.27223205566406
1572,2016-04-04,78.30999755859375,77.52999877929688,77.97000122070312,77.83000183105469,6905800.0,75.50507354736328
1573,2016-04-05,77.47000122070312,76.58000183105469,77.13999938964844,76.97000122070312,6012000.0,74.6707534790039
1574,2016-04-06,78.27999877929688,77.0,77.08000183105469,78.20999908447266,6220400.0,75.87371063232422
1575,2016-04-07,77.9800033569336,77.19000244140625,77.70999908447266,77.58000183105469,7542100.0,75.26253509521484
1576,2016-04-08,78.62000274658203,77.80999755859375,78.08000183105469,78.02999877929688,5327500.0,75.6990966796875
1577,2016-04-11,78.77999877929688,77.7699966430664,78.36000061035156,77.81999969482422,5957200.0,75.49536895751953
1578,2016-04-12,78.55000305175781,77.6500015258789,77.72000122070312,78.5199966430664,5962900.0,76.17444610595703
1579,2016-04-13,79.93000030517578,78.91000366210938,79.02999877929688,79.70999908447266,9187300.0,77.32889556884766
1580,2016-04-14,80.66999816894531,79.30999755859375,79.76000213623047,80.33000183105469,11470300.0,77.93037414550781
1581,2016-04-15,80.69000244140625,79.9000015258789,80.25,80.08000183105469,7186700.0,77.68785095214844
1582,2016-04-18,81.55000305175781,79.83000183105469,80.19999694824219,81.44999694824219,7761200.0,79.01690673828125
1583,2016-04-19,81.7300033569336,80.37000274658203,81.5,80.75,8324700.0,78.33784484863281
1584,2016-04-20,81.63999938964844,80.55000305175781,80.87999725341797,81.1500015258789,8521300.0,78.72589111328125
1585,2016-04-21,81.66999816894531,80.68000030517578,81.5,80.79000091552734,9536900.0,78.37664031982422
1586,2016-04-22,79.36000061035156,77.27999877929688,78.0,79.11000061035156,18216000.0,76.74683380126953
1587,2016-04-25,78.83999633789062,77.81999969482422,78.69000244140625,78.13999938964844,11184600.0,75.80579376220703
1588,2016-04-26,78.69999694824219,78.11000061035156,78.44999694824219,78.52999877929688,6071800.0,76.18415832519531
1589,2016-04-27,79.0,78.16999816894531,78.41000366210938,78.76000213623047,6319400.0,76.40727996826172
1590,2016-04-28,79.2699966430664,77.5999984741211,78.3499984741211,77.68000030517578,8322600.0,75.35952758789062
1591,2016-04-29,78.01000213623047,76.86000061035156,77.5199966430664,77.23999786376953,8092700.0,74.93268585205078
1592,2016-05-02,78.47000122070312,77.16000366210938,77.80999755859375,78.45999908447266,7636800.0,76.1162338256836
1593,2016-05-03,78.36000061035156,76.93000030517578,77.43000030517578,77.19000244140625,7666300.0,74.8841781616211
1594,2016-05-04,77.37999725341797,76.3499984741211,76.55999755859375,77.06999969482422,8854000.0,74.76776885986328
1595,2016-05-05,77.69999694824219,77.01000213623047,77.13999938964844,77.36000061035156,6002300.0,75.0490951538086
1596,2016-05-06,77.80000305175781,76.77999877929688,77.2300033569336,77.72000122070312,6172600.0,75.3983383178711
1597,2016-05-09,78.36000061035156,77.58000183105469,77.69000244140625,78.22000122070312,9242300.0,75.88341522216797
1598,2016-05-10,79.33000183105469,78.41000366210938,78.41999816894531,79.19999694824219,6802600.0,76.8341293334961
1599,2016-05-11,79.33000183105469,77.29000091552734,79.13999938964844,77.30000305175781,8432500.0,75.12369537353516
1600,2016-05-12,78.19000244140625,77.06999969482422,77.80000305175781,77.88999938964844,7512800.0,75.69709014892578
1601,2016-05-13,78.27999877929688,76.83000183105469,77.70999908447266,76.83000183105469,7562700.0,74.66692352294922
1602,2016-05-16,78.05999755859375,76.95999908447266,77.0199966430664,77.80000305175781,8597900.0,75.60961151123047
1603,2016-05-17,77.91999816894531,76.5199966430664,77.56999969482422,76.79000091552734,7169900.0,74.6280517578125
1604,2016-05-18,77.87999725341797,76.4000015258789,76.70999908447266,77.43000030517578,6288500.0,75.25003051757812
1605,2016-05-19,77.25,76.22000122070312,76.87000274658203,76.87999725341797,5552200.0,74.71553039550781
1606,2016-05-20,78.04000091552734,77.18000030517578,77.33999633789062,77.66999816894531,6302100.0,75.48326873779297
1607,2016-05-23,77.98999786376953,77.13999938964844,77.76000213623047,77.20999908447266,5934300.0,75.03620910644531
1608,2016-05-24,79.5,77.66000366210938,77.66000366210938,79.37999725341797,7582300.0,77.14511108398438
1609,2016-05-25,79.66999816894531,78.94999694824219,79.5,79.05999755859375,5846700.0,76.83413696289062
1610,2016-05-26,79.4000015258789,78.87000274658203,79.4000015258789,79.0,4284000.0,76.77582550048828
1611,2016-05-27,79.66000366210938,78.83999633789062,78.83999633789062,79.66000366210938,4374600.0,77.41724395751953
1612,2016-05-31,79.87000274658203,78.76000213623047,79.86000061035156,78.94000244140625,8639600.0,76.71753692626953
1613,2016-06-01,79.31999969482422,78.56999969482422,78.69000244140625,79.22000122070312,4507000.0,76.9896240234375
1614,2016-06-02,79.94999694824219,78.93000030517578,79.2699966430664,79.94999694824219,5627500.0,77.69908142089844
1615,2016-06-03,80.19999694824219,79.16000366210938,79.55000305175781,79.94000244140625,7628000.0,77.6893539428711
1616,2016-06-06,80.9000015258789,80.16999816894531,80.29000091552734,80.54000091552734,7620100.0,78.27246856689453
1617,2016-06-07,81.0,80.54000091552734,80.69999694824219,80.5999984741211,5515700.0,78.33078002929688
1618,2016-06-08,81.70999908447266,80.47000122070312,80.5999984741211,81.6500015258789,8860900.0,79.3512191772461
1619,2016-06-09,81.54000091552734,80.9800033569336,81.2300033569336,81.26000213623047,6670900.0,78.97219848632812
1620,2016-06-10,80.75,79.83999633789062,80.75,80.18000030517578,7859900.0,77.92262268066406
1621,2016-06-13,80.18000030517578,78.37999725341797,79.0,78.4000015258789,10424600.0,76.1927261352539
1622,2016-06-14,78.75,77.95999908447266,78.12000274658203,78.56999969482422,7891700.0,76.35791778564453
1623,2016-06-15,78.83999633789062,78.05000305175781,78.56999969482422,78.16999816894531,7424000.0,75.96917724609375
1624,2016-06-16,78.5199966430664,77.13999938964844,77.88999938964844,78.3499984741211,9650800.0,76.14411163330078
1625,2016-06-17,78.33000183105469,76.83000183105469,78.31999969482422,76.98999786376953,14602200.0,74.8224105834961
1626,2016-06-20,78.37999725341797,77.31999969482422,78.30000305175781,77.33999633789062,9957500.0,75.16256713867188
1627,2016-06-21,78.01000213623047,77.1500015258789,77.80999755859375,77.33000183105469,9201000.0,75.15284729003906
1628,2016-06-22,77.76000213623047,76.52999877929688,77.58000183105469,76.52999877929688,9626700.0,74.37537384033203
1629,2016-06-23,78.23999786376953,76.87000274658203,77.76000213623047,78.2300033569336,13566200.0,76.02750396728516
1630,2016-06-24,76.04000091552734,74.44999694824219,74.80000305175781,75.05000305175781,18375000.0,72.9370346069336
1631,2016-06-27,74.58000183105469,73.25,74.18000030517578,73.33999633789062,16318400.0,71.2751693725586
1632,2016-06-28,75.5,74.48999786376953,75.04000091552734,75.16000366210938,14815200.0,73.04396057128906
1633,2016-06-29,76.76000213623047,75.70999908447266,75.9800033569336,76.73999786376953,12178100.0,74.57945251464844
1634,2016-06-30,77.13999938964844,73.80000305175781,76.98999786376953,74.16999816894531,24877300.0,72.08179473876953
1635,2016-07-01,75.94000244140625,74.0999984741211,74.5,74.4800033569336,13821400.0,72.38309478759766
1636,2016-07-05,74.97000122070312,73.83000183105469,74.25,74.66999816894531,11081000.0,72.56773376464844
1637,2016-07-06,74.75,73.83000183105469,74.12000274658203,74.05999755859375,11263800.0,71.97490692138672
1638,2016-07-07,75.29000091552734,74.2699966430664,74.31999969482422,74.51000213623047,8806700.0,72.41224670410156
1639,2016-07-08,76.55000305175781,74.79000091552734,75.30000305175781,76.41999816894531,10975000.0,74.26844024658203
1640,2016-07-11,77.19000244140625,76.38999938964844,76.80999755859375,76.5199966430664,8185900.0,74.36565399169922
1641,2016-07-12,77.56999969482422,76.55000305175781,76.68000030517578,77.4800033569336,10245500.0,75.29862976074219
1642,2016-07-13,77.77999877929688,77.19999694824219,77.68000030517578,77.45999908447266,6559200.0,75.27919006347656
1643,2016-07-14,78.54000091552734,77.69000244140625,78.05999755859375,78.13999938964844,6607400.0,75.94003295898438
1644,2016-07-15,78.75,78.05000305175781,78.6500015258789,78.30000305175781,8153400.0,76.09553527832031
1645,2016-07-18,78.69999694824219,78.2300033569336,78.3499984741211,78.30999755859375,4864200.0,76.10523986816406
1646,2016-07-19,78.88999938964844,77.62999725341797,77.75,78.72000122070312,9395500.0,76.50371551513672
1647,2016-07-20,79.75,78.75,78.75,79.36000061035156,7922100.0,77.12569427490234
1648,2016-07-21,79.7300033569336,78.4000015258789,79.44000244140625,78.79000091552734,9018000.0,76.57173919677734
1649,2016-07-22,80.08000183105469,78.33000183105469,79.9800033569336,79.91000366210938,12532400.0,77.66020965576172
1650,2016-07-25,80.16999816894531,78.7300033569336,80.16999816894531,78.94000244140625,7979900.0,76.71753692626953
1651,2016-07-26,79.05999755859375,77.94000244140625,78.9800033569336,78.48999786376953,9673200.0,76.28019714355469
1652,2016-07-27,78.79000091552734,77.52999877929688,78.45999908447266,78.52999877929688,10194400.0,76.31906127929688
1653,2016-07-28,80.0,78.55000305175781,78.69000244140625,79.19000244140625,8709700.0,76.96048736572266
1654,2016-07-29,79.3499984741211,78.0,79.23999786376953,78.05000305175781,7777700.0,75.85258483886719
1655,2016-08-01,78.52999877929688,77.7300033569336,78.30999755859375,78.26000213623047,8908800.0,76.0566635131836
1656,2016-08-02,78.47000122070312,77.75,78.06999969482422,78.27999877929688,7910000.0,76.07609558105469
1657,2016-08-03,78.70999908447266,78.20999908447266,78.27999877929688,78.70999908447266,7272700.0,76.49400329589844
1658,2016-08-04,79.6500015258789,78.75,78.83000183105469,79.4800033569336,5954400.0,77.24231719970703
1659,2016-08-05,80.23999786376953,79.66000366210938,79.7300033569336,80.13999938964844,6662500.0,77.88373565673828
1660,2016-08-08,80.33999633789062,79.80000305175781,80.2300033569336,79.94999694824219,5119700.0,77.69908142089844
1661,2016-08-09,80.4800033569336,79.94999694824219,79.95999908447266,80.05999755859375,4455700.0,77.80598449707031
1662,2016-08-10,80.22000122070312,79.51000213623047,79.97000122070312,79.68000030517578,5945500.0,77.4366683959961
1663,2016-08-11,80.27999877929688,79.83999633789062,80.0,80.12000274658203,6577700.0,77.86429595947266
1664,2016-08-12,80.08000183105469,79.6500015258789,79.80000305175781,80.0199966430664,4420400.0,77.76712036132812
1665,2016-08-15,81.1500015258789,80.0199966430664,80.12999725341797,80.91000366210938,6290300.0,78.6320571899414
1666,2016-08-16,80.91000366210938,80.22000122070312,80.41999816894531,80.80999755859375,6182600.0,78.53487396240234
1667,2016-08-17,80.86000061035156,80.4000015258789,80.70999908447266,80.83999633789062,4655400.0,78.70037841796875
1668,2016-08-18,80.58999633789062,79.91000366210938,80.01000213623047,80.2699966430664,7453900.0,78.14544677734375
1669,2016-08-19,80.47000122070312,79.73999786376953,80.01000213623047,80.47000122070312,8480900.0,78.34015655517578
1670,2016-08-22,81.08000183105469,79.95999908447266,80.33999633789062,81.05999755859375,7954500.0,78.91455078125
1671,2016-08-23,81.76000213623047,80.80000305175781,81.37000274658203,80.80000305175781,10007800.0,78.66142272949219
1672,2016-08-24,80.9800033569336,80.19000244140625,80.80000305175781,80.29000091552734,5028000.0,78.1649169921875
1673,2016-08-25,80.5199966430664,80.0,80.29000091552734,80.31999969482422,5773700.0,78.19412994384766
1674,2016-08-26,81.13999938964844,80.16999816894531,80.62000274658203,80.56999969482422,7932200.0,78.43750762939453
1675,2016-08-29,80.98999786376953,80.54000091552734,80.54000091552734,80.87000274658203,4766700.0,78.72956848144531
1676,2016-08-30,81.19000244140625,80.72000122070312,81.0,81.16999816894531,4128700.0,79.02165222167969
1677,2016-08-31,81.19999694824219,80.70999908447266,80.94999694824219,80.9000015258789,7386100.0,78.75877380371094
1678,2016-09-01,81.55000305175781,80.97000122070312,81.13999938964844,81.30000305175781,6240600.0,79.14818572998047
1679,2016-09-02,82.1500015258789,81.5,81.56999969482422,82.0,6408900.0,79.82967376708984
1680,2016-09-06,82.52999877929688,81.80999755859375,82.0,82.52999877929688,8140400.0,80.34564208984375
1681,2016-09-07,83.26000213623047,82.36000061035156,82.4800033569336,83.23999786376953,9304700.0,81.03685760498047
1682,2016-09-08,83.62999725341797,82.58999633789062,83.0199966430664,82.97000122070312,7961100.0,80.77397918701172
1683,2016-09-09,82.80999755859375,81.33000183105469,82.4000015258789,81.33000183105469,11563000.0,79.17739868164062
1684,2016-09-12,83.12999725341797,81.18000030517578,81.33999633789062,82.97000122070312,9882700.0,80.77397918701172
1685,2016-09-13,82.44000244140625,81.62000274658203,82.41000366210938,81.88999938964844,8834300.0,79.72258758544922
1686,2016-09-14,82.22000122070312,81.44999694824219,81.45999908447266,81.48999786376953,10999500.0,79.33314514160156
1687,2016-09-15,82.12999725341797,81.19000244140625,81.41999816894531,82.01000213623047,10580300.0,79.83941650390625
1688,2016-09-16,82.26000213623047,81.41999816894531,81.73999786376953,82.06999969482422,11702000.0,79.89781188964844
1689,2016-09-19,83.04000091552734,82.2300033569336,82.43000030517578,82.51000213623047,8361700.0,80.32616424560547
1690,2016-09-20,83.2300033569336,82.31999969482422,82.97000122070312,82.4800033569336,6473300.0,80.29696655273438
1691,2016-09-21,83.25,82.2699966430664,82.91999816894531,83.22000122070312,7536200.0,81.01736450195312
1692,2016-09-22,83.79000091552734,83.19999694824219,83.41999816894531,83.36000061035156,6599400.0,81.15367889404297
1693,2016-09-23,83.44999694824219,82.5199966430664,83.33000183105469,82.54000091552734,8283700.0,80.3553695678711
1694,2016-09-26,82.26000213623047,81.69000244140625,82.1500015258789,81.80999755859375,8486800.0,79.64469146728516
1695,2016-09-27,82.37999725341797,81.5,81.79000091552734,82.16000366210938,7969500.0,79.98543548583984
1696,2016-09-28,83.01000213623047,81.94000244140625,82.37999725341797,82.97000122070312,7974300.0,80.77397918701172
1697,2016-09-29,83.05999755859375,81.79000091552734,82.72000122070312,81.91999816894531,5885400.0,79.75177764892578
1698,2016-09-30,83.04000091552734,81.68000030517578,82.16000366210938,82.69999694824219,9776800.0,80.51113891601562
1699,2016-10-03,83.11000061035156,82.30000305175781,82.41999816894531,82.86000061035156,8155400.0,80.66690826416016
1700,2016-10-04,83.52999877929688,82.58000183105469,83.27999877929688,82.7300033569336,5772000.0,80.54035186767578
1701,2016-10-05,83.44999694824219,82.9000015258789,82.95999908447266,83.3499984741211,6163400.0,81.1439437866211
1702,2016-10-06,83.4800033569336,82.87999725341797,83.12000274658203,83.36000061035156,7687100.0,81.15367889404297
1703,2016-10-07,83.69999694824219,82.63999938964844,83.48999786376953,82.87999725341797,8238100.0,80.68637084960938
1704,2016-10-10,83.54000091552734,82.94000244140625,83.12999725341797,83.12000274658203,7371500.0,80.92002868652344
1705,2016-10-11,82.79000091552734,81.56999969482422,82.68000030517578,82.04000091552734,6227400.0,79.86860656738281
1706,2016-10-12,82.54000091552734,81.81999969482422,81.83999633789062,82.25,3923600.0,80.07303619384766
1707,2016-10-13,82.12999725341797,81.11000061035156,81.6500015258789,81.87000274658203,6810900.0,79.70311737060547
1708,2016-10-14,83.19000244140625,82.04000091552734,82.04000091552734,82.44999694824219,6698100.0,80.26774597167969
1709,2016-10-17,82.69000244140625,82.04000091552734,82.58000183105469,82.1500015258789,8473700.0,79.97570037841797
1710,2016-10-18,82.37000274658203,81.3499984741211,81.5,81.58000183105469,11680400.0,79.42078399658203
1711,2016-10-19,82.87000274658203,81.6500015258789,81.6500015258789,82.80999755859375,8440900.0,80.61821746826172
1712,2016-10-20,83.0999984741211,82.16999816894531,83.05000305175781,82.5,6945200.0,80.3164291381836
1713,2016-10-21,82.54000091552734,81.58000183105469,82.0199966430664,82.3499984741211,8043200.0,80.17040252685547
1714,2016-10-24,83.58999633789062,82.70999908447266,83.2699966430664,83.16999816894531,16267000.0,80.96870422363281
1715,2016-10-25,83.16999816894531,81.69999694824219,83.16999816894531,82.02999877929688,15085900.0,79.85888671875
1716,2016-10-26,82.26000213623047,81.41000366210938,81.62000274658203,81.75,8748400.0,79.58629608154297
1717,2016-10-27,82.2699966430664,81.61000061035156,81.95999908447266,81.91999816894531,7039200.0,79.75177764892578
1718,2016-10-28,83.36000061035156,82.11000061035156,82.5199966430664,82.22000122070312,10919600.0,80.04383850097656
1719,2016-10-31,82.9000015258789,82.36000061035156,82.44000244140625,82.51000213623047,10024000.0,80.32616424560547
1720,2016-11-01,82.69000244140625,81.33000183105469,82.63999938964844,81.62000274658203,10881500.0,79.45972442626953
1721,2016-11-02,81.37999725341797,80.5199966430664,80.88999938964844,80.58000183105469,9170900.0,78.4472427368164
1722,2016-11-03,81.12999725341797,80.54000091552734,80.75,80.6500015258789,7563100.0,78.515380859375
1723,2016-11-04,81.23999786376953,80.33000183105469,80.6500015258789,80.36000061035156,7588100.0,78.23306274414062
1724,2016-11-07,82.52999877929688,81.44999694824219,81.63999938964844,82.51000213623047,7277900.0,80.32616424560547
1725,2016-11-08,83.16000366210938,82.1500015258789,82.38999938964844,82.87999725341797,7152000.0,80.68637084960938
1726,2016-11-09,83.30000305175781,81.22000122070312,81.80999755859375,83.23999786376953,12158500.0,81.03685760498047
1727,2016-11-10,83.95999908447266,81.41999816894531,83.30000305175781,81.87000274658203,17171600.0,79.70311737060547
1728,2016-11-11,82.62999725341797,81.5199966430664,81.58999633789062,81.87999725341797,7368000.0,79.71283721923828
1729,2016-11-14,82.22000122070312,77.30000305175781,82.0199966430664,78.37999725341797,21773500.0,76.30548095703125
1730,2016-11-15,79.54000091552734,77.80000305175781,78.2300033569336,78.56999969482422,18523400.0,76.49043273925781
1731,2016-11-16,80.19000244140625,78.76000213623047,78.79000091552734,80.08000183105469,9997700.0,78.1245346069336
1732,2016-11-17,81.19999694824219,80.18000030517578,80.31999969482422,81.06999969482422,8081800.0,79.09039306640625
1733,2016-11-18,81.5,80.52999877929688,81.1500015258789,80.81999969482422,7920800.0,78.84647369384766
1734,2016-11-21,81.77999877929688,80.9000015258789,81.2300033569336,81.69000244140625,8942100.0,79.69524383544922
1735,2016-11-22,81.69000244140625,79.26000213623047,81.69000244140625,79.93000030517578,18133900.0,77.97821044921875
1736,2016-11-23,79.98999786376953,78.94999694824219,79.9800033569336,79.56999969482422,12802600.0,77.62699890136719
1737,2016-11-25,80.37000274658203,79.73999786376953,79.98999786376953,80.12999725341797,6495700.0,78.17333221435547
1738,2016-11-28,80.01000213623047,79.05000305175781,79.66000366210938,79.08000183105469,11793100.0,77.14896392822266
1739,2016-11-29,79.58000183105469,78.94999694824219,79.12000274658203,79.1500015258789,8575200.0,77.2172622680664
1740,2016-11-30,79.44999694824219,77.27999877929688,79.44999694824219,77.31999969482422,15353900.0,75.43194580078125
1741,2016-12-01,77.62000274658203,75.25,77.56999969482422,75.43000030517578,21053000.0,73.58810424804688
1742,2016-12-02,76.25,75.16999816894531,75.4000015258789,75.72000122070312,13629600.0,73.87103271484375
1743,2016-12-05,77.5999984741211,76.55000305175781,76.62999725341797,77.30999755859375,12119200.0,75.42219543457031
1744,2016-12-06,77.97000122070312,76.70999908447266,77.94000244140625,77.11000061035156,13896600.0,75.2270736694336
1745,2016-12-07,79.48999786376953,77.25,77.2699966430664,79.30999755859375,13919800.0,77.37334442138672
1746,2016-12-08,79.87000274658203,78.97000122070312,79.68000030517578,79.27999877929688,13320100.0,77.34407806396484
1747,2016-12-09,79.93000030517578,78.83000183105469,79.1500015258789,79.13999938964844,10728300.0,77.20751953125
1748,2016-12-12,79.02999877929688,77.91999816894531,78.98999786376953,78.5,11942300.0,76.58314514160156
1749,2016-12-13,79.5,78.25,78.80999755859375,79.19999694824219,12995100.0,77.26602935791016
1750,2016-12-14,79.9800033569336,79.12000274658203,79.27999877929688,79.12999725341797,20146200.0,77.19774627685547
1751,2016-12-15,80.38999938964844,79.12999725341797,79.37000274658203,79.5,14070900.0,77.55870819091797
1752,2016-12-16,79.45999908447266,78.16999816894531,79.22000122070312,78.3499984741211,19141700.0,76.43678283691406
1753,2016-12-19,78.5999984741211,78.0199966430664,78.04000091552734,78.0999984741211,8699100.0,76.1928939819336
1754,2016-12-20,78.58000183105469,77.69000244140625,78.41000366210938,78.36000061035156,6917400.0,76.4465560913086
1755,2016-12-21,78.55000305175781,77.9800033569336,78.4800033569336,78.13999938964844,9343600.0,76.2319107055664
1756,2016-12-22,78.05999755859375,77.19000244140625,78.0199966430664,77.9000015258789,12074000.0,75.9977798461914
1757,2016-12-23,78.4800033569336,77.9000015258789,78.08000183105469,78.1500015258789,6192900.0,76.24166870117188
1758,2016-12-27,78.8499984741211,78.2300033569336,78.2699966430664,78.3499984741211,3776000.0,76.43678283691406
1759,2016-12-28,78.6500015258789,77.97000122070312,78.4000015258789,78.30000305175781,7587100.0,76.38800811767578
1760,2016-12-29,78.83999633789062,78.30000305175781,78.48999786376953,78.33000183105469,6241100.0,76.41728210449219
1761,2016-12-30,78.54000091552734,77.94000244140625,78.43000030517578,78.0199966430664,7127300.0,76.1148452758789
1762,2017-01-03,79.91000366210938,78.48999786376953,78.76000213623047,79.5,13785200.0,77.55870819091797
1763,2017-01-04,80.26000213623047,79.36000061035156,79.44000244140625,80.1500015258789,8033100.0,78.19284057617188
1764,2017-01-05,81.52999877929688,80.22000122070312,80.33999633789062,81.08999633789062,7805100.0,79.1098861694336
1765,2017-01-06,82.48999786376953,80.94000244140625,81.30000305175781,82.20999908447266,8898300.0,80.20255279541016
1766,2017-01-09,82.44999694824219,81.6500015258789,82.27999877929688,81.75,7305300.0,79.7537841796875
1767,2017-01-10,81.9000015258789,81.12999725341797,81.69999694824219,81.30999755859375,6017500.0,79.32450866699219
1768,2017-01-11,81.80000305175781,80.91000366210938,81.25,81.80000305175781,7499200.0,79.80255126953125
1769,2017-01-12,81.47000122070312,80.51000213623047,81.05000305175781,81.37000274658203,6884000.0,79.3830337524414
1770,2017-01-13,81.8499984741211,80.79000091552734,81.0199966430664,81.16999816894531,7291200.0,79.18794250488281
1771,2017-01-17,81.48999786376953,80.76000213623047,80.76000213623047,81.26000213623047,6326500.0,79.27574157714844
1772,2017-01-18,81.83000183105469,80.9800033569336,81.2699966430664,81.58999633789062,8512300.0,79.59767150878906
1773,2017-01-19,81.8499984741211,81.41000366210938,81.79000091552734,81.7300033569336,6479400.0,79.7342529296875
1774,2017-01-20,82.27999877929688,81.61000061035156,82.08999633789062,81.83999633789062,9048500.0,79.84156799316406
1775,2017-01-23,82.30000305175781,81.5,81.69999694824219,82.1500015258789,7414200.0,80.14399719238281
1776,2017-01-24,83.48999786376953,81.8499984741211,82.4000015258789,83.2300033569336,8397500.0,81.1976318359375
1777,2017-01-25,84.2699966430664,83.44999694824219,83.79000091552734,83.9000015258789,9360900.0,81.85127258300781
1778,2017-01-26,83.91999816894531,83.08000183105469,83.91999816894531,83.23999786376953,8428200.0,81.20738983154297
1779,2017-01-27,83.80000305175781,82.91999816894531,83.31999969482422,83.7699966430664,5445900.0,81.72443389892578
1780,2017-01-30,83.73999786376953,82.66000366210938,83.47000122070312,83.69999694824219,8792800.0,81.65615844726562
1781,2017-01-31,83.27999877929688,82.0999984741211,82.12999725341797,82.70999908447266,7479400.0,80.6903305053711
1782,2017-02-01,83.08999633789062,82.05000305175781,82.9000015258789,82.44000244140625,7534400.0,80.42692565917969
1783,2017-02-02,82.69999694824219,81.56999969482422,82.13999938964844,82.30000305175781,11142300.0,80.29032897949219
1784,2017-02-03,86.81999969482422,85.11000061035156,85.73999786376953,86.08000183105469,28079600.0,83.9780502319336
1785,2017-02-06,86.0999984741211,85.51000213623047,86.06999969482422,85.83000183105469,9665300.0,83.73413848876953
1786,2017-02-07,86.3499984741211,85.66999816894531,85.95999908447266,85.77999877929688,8600300.0,83.68536376953125
1787,2017-02-08,85.83999633789062,85.08000183105469,85.80000305175781,85.08999633789062,7587700.0,83.01221466064453
1788,2017-02-09,85.7699966430664,84.87999725341797,85.37000274658203,85.58000183105469,6554700.0,83.4902572631836
1789,2017-02-10,86.13999938964844,85.2300033569336,85.80000305175781,85.9000015258789,10432000.0,83.80242919921875
1790,2017-02-13,86.69999694824219,86.0,86.19999694824219,86.44000244140625,6046300.0,84.32925415039062
1791,2017-02-14,86.97000122070312,86.26000213623047,86.5199966430664,86.8499984741211,5952000.0,84.72923278808594
1792,2017-02-15,87.54000091552734,86.69999694824219,87.0199966430664,87.54000091552734,8049700.0,85.56494140625
1793,2017-02-16,87.68000030517578,86.79000091552734,87.55000305175781,87.41000366210938,8680600.0,85.4378890991211
1794,2017-02-17,87.68000030517578,86.9800033569336,87.2699966430664,87.45999908447266,5887200.0,85.48675537109375
1795,2017-02-21,88.04000091552734,87.16999816894531,87.51000213623047,87.91999816894531,9301300.0,85.93637084960938
1796,2017-02-22,88.1500015258789,87.51000213623047,87.61000061035156,87.80000305175781,8389900.0,85.81908416748047
1797,2017-02-23,88.48999786376953,87.87000274658203,88.2300033569336,88.18000030517578,6040500.0,86.19050598144531
1798,2017-02-24,88.43000030517578,87.30000305175781,87.36000061035156,88.43000030517578,5151300.0,86.43488311767578
1799,2017-02-27,88.37999725341797,87.91000366210938,88.31999969482422,88.0,6131600.0,86.01456451416016
1800,2017-02-28,88.37999725341797,87.76000213623047,88.16000366210938,87.94000244140625,8521900.0,85.95592498779297
1801,2017-03-01,89.13999938964844,88.41999816894531,88.73999786376953,88.98999786376953,11131400.0,86.98222351074219
1802,2017-03-02,89.12999725341797,88.0999984741211,89.0,88.52999877929688,10544200.0,86.53260803222656
1803,2017-03-03,88.91000366210938,88.18000030517578,88.30999755859375,88.79000091552734,5700600.0,86.78675079345703
1804,2017-03-06,89.2699966430664,88.2699966430664,88.52999877929688,88.94000244140625,7347600.0,86.93336486816406
1805,2017-03-07,89.30000305175781,88.8499984741211,88.98999786376953,89.05999755859375,5688400.0,87.05064392089844
1806,2017-03-08,89.30000305175781,88.87000274658203,89.16999816894531,88.95999908447266,5866800.0,86.95291137695312
1807,2017-03-09,89.5,88.70999908447266,89.0199966430664,89.11000061035156,5953900.0,87.09953308105469
1808,2017-03-10,89.86000061035156,89.0999984741211,89.5,89.7300033569336,12246700.0,87.70555114746094
1809,2017-03-13,90.30999755859375,89.61000061035156,89.80000305175781,90.11000061035156,8944100.0,88.07695770263672
1810,2017-03-14,90.02999877929688,89.23999786376953,89.93000030517578,89.55000305175781,6009400.0,87.52959442138672
1811,2017-03-15,90.0999984741211,89.41000366210938,89.75,89.91999816894531,6350700.0,87.8912353515625
1812,2017-03-16,90.33000183105469,89.47000122070312,90.30999755859375,90.04000091552734,9174400.0,88.00852966308594
1813,2017-03-17,90.62999725341797,90.16999816894531,90.25,90.23999786376953,8613400.0,88.20402526855469
1814,2017-03-20,92.05000305175781,88.97000122070312,90.29000091552734,89.18000030517578,9438000.0,87.16793060302734
1815,2017-03-21,89.70999908447266,88.0,89.48999786376953,88.05999755859375,11092100.0,86.07320404052734
1816,2017-03-22,89.04000091552734,87.8499984741211,87.8499984741211,88.5199966430664,7828600.0,86.5228271484375
1817,2017-03-23,89.38999938964844,88.41999816894531,88.47000122070312,88.86000061035156,7710700.0,86.85517120361328
1818,2017-03-24,89.61000061035156,88.97000122070312,89.05999755859375,89.19000244140625,7597600.0,87.17771911621094
1819,2017-03-27,88.98999786376953,88.06999969482422,88.30999755859375,88.94999694824219,5230000.0,86.94313049316406
1820,2017-03-28,89.41999816894531,88.48999786376953,89.12000274658203,89.12000274658203,7045500.0,87.10929107666016
1821,2017-03-29,89.38999938964844,88.55999755859375,88.98999786376953,89.18000030517578,4738000.0,87.16793060302734
1822,2017-03-30,89.0999984741211,88.5999984741211,89.08000183105469,89.01000213623047,6227100.0,87.00177001953125
1823,2017-03-31,89.3499984741211,88.87000274658203,88.9800033569336,88.87000274658203,6429800.0,86.86493682861328
1824,2017-04-03,89.45999908447266,88.4000015258789,89.13999938964844,89.36000061035156,9125800.0,87.34388732910156
1825,2017-04-04,89.33000183105469,88.66000366210938,89.01000213623047,88.77999877929688,4859900.0,86.77698516845703
1826,2017-04-05,90.19999694824219,88.94999694824219,89.12999725341797,89.02999877929688,7251600.0,87.0213394165039
1827,2017-04-06,89.26000213623047,88.77999877929688,89.0,89.08999633789062,8473900.0,87.0799560546875
1828,2017-04-07,89.23999786376953,88.5199966430664,88.97000122070312,88.73999786376953,5439500.0,86.73787689208984
1829,2017-04-10,89.25,88.5199966430664,88.62000274658203,88.86000061035156,5999400.0,86.85517120361328
1830,2017-04-11,88.8499984741211,88.12999725341797,88.5999984741211,88.8499984741211,7058500.0,86.84539031982422
1831,2017-04-12,89.20999908447266,88.55999755859375,88.69999694824219,88.68000030517578,5912500.0,86.67922973632812
1832,2017-04-13,89.77999877929688,88.43000030517578,88.47000122070312,88.87000274658203,7242700.0,86.86493682861328
1833,2017-04-17,89.9000015258789,88.75,89.08999633789062,89.80999755859375,6122800.0,87.78372955322266
1834,2017-04-18,89.91999816894531,89.23999786376953,89.63999938964844,89.7300033569336,6823500.0,87.70555114746094
1835,2017-04-19,90.62000274658203,89.5999984741211,90.08999633789062,89.75,7301300.0,87.7250747680664
1836,2017-04-20,91.5,89.9000015258789,90.13999938964844,91.1500015258789,12178300.0,89.09349822998047
1837,2017-04-21,92.80000305175781,91.0199966430664,92.7699966430664,91.1500015258789,19442600.0,89.09349822998047
1838,2017-04-24,92.5,91.01000213623047,92.1500015258789,91.8499984741211,11705400.0,89.7777099609375
1839,2017-04-25,92.3499984741211,91.58000183105469,91.98999786376953,92.11000061035156,7769200.0,90.0318374633789
1840,2017-04-26,92.4800033569336,91.75,92.0199966430664,91.81999969482422,11295200.0,89.74836730957031
1841,2017-04-27,92.0,91.27999877929688,91.94999694824219,91.5999984741211,5856800.0,89.5333480834961
1842,2017-04-28,91.55000305175781,90.9800033569336,91.38999938964844,91.22000122070312,6888500.0,89.16191864013672
1843,2017-05-01,91.66999816894531,91.13999938964844,91.29000091552734,91.26000213623047,9042100.0,89.2010269165039
1844,2017-05-02,92.75,91.52999877929688,91.62000274658203,92.54000091552734,11627700.0,90.4521484375
1845,2017-05-03,92.55000305175781,91.9800033569336,92.4000015258789,92.44000244140625,4909000.0,90.35440826416016
1846,2017-05-04,92.8499984741211,92.25,92.69999694824219,92.62000274658203,5257000.0,90.53032684326172
1847,2017-05-05,92.9800033569336,91.76000213623047,92.9000015258789,92.08999633789062,8844500.0,90.01229095458984
1848,2017-05-08,92.16000366210938,91.5199966430664,92.05000305175781,91.91999816894531,5223600.0,89.84613800048828
1849,2017-05-09,92.13999938964844,91.83000183105469,91.9000015258789,92.0,3969500.0,89.92431640625
1850,2017-05-10,92.41000366210938,91.68000030517578,91.69999694824219,92.25,6747600.0,90.16867065429688
1851,2017-05-11,92.30999755859375,91.62000274658203,92.12000274658203,92.0999984741211,7052200.0,90.02205657958984
1852,2017-05-12,92.77999877929688,91.9800033569336,92.19000244140625,92.7300033569336,5898800.0,90.6378402709961
1853,2017-05-15,93.41999816894531,92.72000122070312,92.7300033569336,93.2300033569336,7040100.0,91.1265640258789
1854,2017-05-16,93.72000122070312,92.97000122070312,93.3499984741211,93.1500015258789,5497400.0,91.04837799072266
1855,2017-05-17,92.76000213623047,91.70999908447266,92.4800033569336,91.76000213623047,8240200.0,89.84889221191406
1856,2017-05-18,92.4800033569336,91.36000061035156,91.36000061035156,91.70999908447266,8239800.0,89.79993438720703
1857,2017-05-19,92.80999755859375,91.70999908447266,91.9800033569336,92.4800033569336,9361300.0,90.55388641357422
1858,2017-05-22,93.5999984741211,92.43000030517578,92.52999877929688,93.30999755859375,9186200.0,91.36659240722656
1859,2017-05-23,94.06999969482422,93.47000122070312,93.55999755859375,93.86000061035156,7616100.0,91.9051513671875
1860,2017-05-24,94.98999786376953,94.0199966430664,94.0199966430664,94.80999755859375,6825300.0,92.83537292480469
1861,2017-05-25,95.37999725341797,94.88999938964844,95.08999633789062,95.04000091552734,7262400.0,93.06057739257812
1862,2017-05-26,95.12000274658203,94.38999938964844,95.0,94.66999816894531,4133900.0,92.69827270507812
1863,2017-05-30,94.87999725341797,94.33999633789062,94.66000366210938,94.72000122070312,6292700.0,92.74723815917969
1864,2017-05-31,95.52999877929688,94.45999908447266,95.08000183105469,95.2300033569336,9866000.0,93.24661254882812
1865,2017-06-01,95.44999694824219,94.61000061035156,95.4000015258789,95.4000015258789,8911900.0,93.41307067871094
1866,2017-06-02,96.19000244140625,95.41000366210938,95.41000366210938,96.1500015258789,8570200.0,94.14747619628906
1867,2017-06-05,96.58999633789062,96.11000061035156,96.31999969482422,96.55000305175781,14510500.0,94.53912353515625
1868,2017-06-06,96.5999984741211,95.55999755859375,96.2699966430664,95.79000091552734,7030300.0,93.79496002197266
1869,2017-06-07,96.22000122070312,95.76000213623047,96.02999877929688,96.08999633789062,6720300.0,94.08869934082031
1870,2017-06-08,96.12000274658203,95.29000091552734,95.87000274658203,96.08999633789062,7720300.0,94.08869934082031
1871,2017-06-09,96.25,93.70999908447266,96.08999633789062,94.55999755859375,16887100.0,92.59056854248047
1872,2017-06-12,94.04000091552734,92.80000305175781,93.69000244140625,93.5,15610000.0,91.55265808105469
1873,2017-06-13,95.33999633789062,93.97000122070312,94.0,95.08000183105469,8700100.0,93.09974670410156
1874,2017-06-14,96.0,94.94999694824219,95.31999969482422,95.31999969482422,6347000.0,93.33475494384766
1875,2017-06-15,94.52999877929688,93.52999877929688,94.44000244140625,94.16999816894531,12793900.0,92.20868682861328
1876,2017-06-16,94.44000244140625,93.73999786376953,94.30999755859375,94.16999816894531,14705100.0,92.20868682861328
1877,2017-06-19,94.8499984741211,94.25,94.75,94.79000091552734,5984300.0,92.81578063964844
1878,2017-06-20,94.95999908447266,94.33000183105469,94.79000091552734,94.37999725341797,5626700.0,92.414306640625
1879,2017-06-21,94.7699966430664,94.06999969482422,94.61000061035156,94.54000091552734,5611400.0,92.57097625732422
1880,2017-06-22,94.51000213623047,93.87000274658203,94.48999786376953,93.94999694824219,5846500.0,91.99327087402344
1881,2017-06-23,95.6500015258789,93.88999938964844,94.16000366210938,95.58000183105469,11637300.0,93.58932495117188
1882,2017-06-26,96.2699966430664,95.0999984741211,95.80000305175781,95.22000122070312,6970800.0,93.23683166503906
1883,2017-06-27,95.33999633789062,94.62999725341797,95.1500015258789,94.9000015258789,6283600.0,92.92349243164062
1884,2017-06-28,96.4000015258789,94.66000366210938,95.1500015258789,96.2300033569336,5571300.0,94.22579956054688
1885,2017-06-29,95.79000091552734,94.01000213623047,95.79000091552734,94.41999816894531,8872500.0,92.45347595214844
1886,2017-06-30,94.62000274658203,93.77999877929688,94.37999725341797,93.77999877929688,9036600.0,91.8268051147461
1887,2017-07-03,94.41000366210938,93.3499984741211,94.37999725341797,93.3499984741211,6197700.0,91.40576934814453
1888,2017-07-05,94.4000015258789,93.72000122070312,93.75,94.01000213623047,9339600.0,92.05204772949219
1889,2017-07-06,93.97000122070312,93.19000244140625,93.44999694824219,93.25,8215700.0,91.307861328125
1890,2017-07-07,94.41000366210938,93.5,93.5,93.91999816894531,6175800.0,91.96390533447266
1891,2017-07-10,95.37000274658203,94.1500015258789,94.1500015258789,95.08999633789062,8851800.0,93.10954284667969
1892,2017-07-11,95.62999725341797,94.93000030517578,95.08000183105469,95.41000366210938,5554100.0,93.4228744506836
1893,2017-07-12,96.44999694824219,95.62999725341797,95.9800033569336,96.18000030517578,5974800.0,94.17684173583984
1894,2017-07-13,96.6500015258789,95.7699966430664,96.41999816894531,95.94000244140625,6721700.0,93.94182586669922
1895,2017-07-14,97.37000274658203,96.12000274658203,96.13999938964844,96.93000030517578,6195800.0,94.91120147705078
1896,2017-07-17,97.29000091552734,96.58999633789062,97.11000061035156,96.83000183105469,5914900.0,94.81327819824219
1897,2017-07-18,97.75,96.61000061035156,96.8499984741211,97.58000183105469,7435000.0,95.54766082763672
1898,2017-07-19,98.33000183105469,97.55000305175781,97.63999938964844,98.25,6390400.0,96.2037353515625
1899,2017-07-20,99.13999938964844,97.93000030517578,99.11000061035156,98.11000061035156,8572900.0,96.06664276123047
1900,2017-07-21,100.48999786376953,99.08999633789062,99.5999984741211,99.5999984741211,17400200.0,97.52560424804688
1901,2017-07-24,100.41999816894531,99.13999938964844,99.55000305175781,100.37000274658203,9186000.0,98.27957916259766
1902,2017-07-25,100.8499984741211,99.80000305175781,100.6500015258789,99.98999786376953,6774900.0,97.90746307373047
1903,2017-07-26,100.98999786376953,99.86000061035156,100.01000213623047,100.8499984741211,7205400.0,98.74955749511719
1904,2017-07-27,101.18000030517578,98.55000305175781,100.97000122070312,99.56999969482422,10543900.0,97.4962387084961
1905,2017-07-28,99.58999633789062,98.51000213623047,99.12000274658203,99.1500015258789,6558800.0,97.08497619628906
1906,2017-07-31,100.0,99.13999938964844,99.5,99.55999755859375,7576600.0,97.48643493652344
1907,2017-08-01,101.06999969482422,99.95999908447266,100.36000061035156,100.87000274658203,6018100.0,98.7691421508789
1908,2017-08-02,101.27999877929688,100.23999786376953,101.02999877929688,101.27999877929688,5955600.0,99.17061614990234
1909,2017-08-03,101.0999984741211,100.33000183105469,100.94000244140625,100.58999633789062,5697500.0,98.49498748779297
1910,2017-08-04,101.33999633789062,100.61000061035156,100.95999908447266,100.88999938964844,4618000.0,98.78873443603516
1911,2017-08-07,101.54000091552734,100.58999633789062,100.91999816894531,101.48999786376953,7047100.0,99.3762435913086
1912,2017-08-08,101.72000122070312,100.93000030517578,101.5,101.27999877929688,6283700.0,99.17061614990234
1913,2017-08-09,101.30000305175781,100.5999984741211,100.76000213623047,100.97000122070312,6902100.0,98.8670654296875
1914,2017-08-10,100.87999725341797,99.43000030517578,100.54000091552734,99.48999786376953,8560800.0,97.41787719726562
1915,2017-08-11,100.30000305175781,99.52999877929688,99.55000305175781,100.08999633789062,5268200.0,98.0053939819336
1916,2017-08-14,102.11000061035156,100.75,100.9800033569336,101.87000274658203,5657600.0,99.74832153320312
1917,2017-08-15,102.77999877929688,101.97000122070312,102.36000061035156,102.62999725341797,5386000.0,100.49248504638672
1918,2017-08-16,103.93000030517578,102.63999938964844,102.76000213623047,103.31999969482422,13408300.0,101.33103942871094
1919,2017-08-17,103.52999877929688,102.16000366210938,103.33000183105469,102.16000366210938,7381600.0,100.19337463378906
1920,2017-08-18,103.08999633789062,101.94000244140625,102.08000183105469,102.51000213623047,5670900.0,100.53662872314453
1921,2017-08-21,103.3499984741211,102.33000183105469,102.62000274658203,103.22000122070312,5395000.0,101.23294830322266
1922,2017-08-22,104.19999694824219,103.13999938964844,103.44000244140625,104.06999969482422,5481000.0,102.06659698486328
1923,2017-08-23,103.97000122070312,102.98999786376953,103.7699966430664,103.18000030517578,5057200.0,101.19373321533203
1924,2017-08-24,103.5,102.63999938964844,103.31999969482422,103.22000122070312,4082300.0,101.23294830322266
1925,2017-08-25,103.87999725341797,103.16000366210938,103.6500015258789,103.3499984741211,4467400.0,101.36045837402344
1926,2017-08-28,103.83000183105469,103.26000213623047,103.6500015258789,103.77999877929688,3919900.0,101.78217315673828
1927,2017-08-29,104.06999969482422,102.63999938964844,102.91999816894531,103.7699966430664,7135300.0,101.7723617553711
1928,2017-08-30,104.0,103.5199966430664,103.69999694824219,103.7300033569336,8712700.0,101.73313903808594
1929,2017-08-31,104.19000244140625,103.02999877929688,104.05999755859375,103.5199966430664,13766000.0,101.52718353271484
1930,2017-09-01,104.08000183105469,103.44000244140625,104.04000091552734,103.9000015258789,4466800.0,101.8998794555664
1931,2017-09-05,103.45999908447266,102.26000213623047,103.4000015258789,103.01000213623047,6337500.0,101.02700805664062
1932,2017-09-06,103.75,103.0999984741211,103.33999633789062,103.18000030517578,6372200.0,101.19373321533203
1933,2017-09-07,105.44000244140625,103.61000061035156,103.70999908447266,104.55999755859375,6508600.0,102.54715728759766
1934,2017-09-08,104.7699966430664,104.05999755859375,104.33000183105469,104.43000030517578,5787200.0,102.419677734375
1935,2017-09-11,106.1500015258789,105.1500015258789,105.4800033569336,106.1500015258789,6956000.0,104.10653686523438
1936,2017-09-12,106.63999938964844,105.76000213623047,106.63999938964844,106.20999908447266,5212400.0,104.1654052734375
1937,2017-09-13,106.26000213623047,105.23999786376953,106.26000213623047,105.83000183105469,6215700.0,103.79270935058594
1938,2017-09-14,106.83999633789062,105.5,105.5,106.08000183105469,8154000.0,104.03790283203125
1939,2017-09-15,106.13999938964844,104.94999694824219,105.73999786376953,105.30000305175781,12622900.0,103.27291870117188
1940,2017-09-18,105.5199966430664,104.62000274658203,105.3499984741211,104.83000183105469,7330300.0,102.81197357177734
1941,2017-09-19,105.93000030517578,104.83000183105469,105.12999725341797,105.41000366210938,9754400.0,103.38082122802734
1942,2017-09-20,105.7699966430664,104.45999908447266,105.5,104.97000122070312,8198600.0,102.94927978515625
1943,2017-09-21,105.61000061035156,104.6500015258789,105.0,105.30999755859375,4777600.0,103.28271484375
1944,2017-09-22,105.68000030517578,105.05999755859375,105.20999908447266,105.55999755859375,4959400.0,103.52791595458984
1945,2017-09-25,105.6500015258789,102.75,105.5,103.0199966430664,9395300.0,101.03680419921875
1946,2017-09-26,104.0199966430664,102.87999725341797,103.11000061035156,102.94000244140625,6263600.0,100.95834350585938
1947,2017-09-27,104.12000274658203,102.9000015258789,103.06999969482422,103.88999938964844,8337400.0,101.89007568359375
1948,2017-09-28,104.9800033569336,103.73999786376953,103.75,104.58000183105469,5947800.0,102.56678771972656
1949,2017-09-29,105.43000030517578,104.69000244140625,104.75,105.23999786376953,7676300.0,103.21408081054688
1950,2017-10-02,105.98999786376953,105.0999984741211,105.54000091552734,105.44000244140625,4885600.0,103.41022491455078
1951,2017-10-03,105.9000015258789,105.29000091552734,105.6500015258789,105.58999633789062,4411100.0,103.55732727050781
1952,2017-10-04,105.73999786376953,104.9000015258789,105.70999908447266,105.30999755859375,4146800.0,103.28271484375
1953,2017-10-05,106.25,105.1500015258789,105.5999984741211,106.23999786376953,4396100.0,104.19483184814453
1954,2017-10-06,106.95999908447266,105.87000274658203,106.29000091552734,106.7300033569336,4587000.0,104.67539978027344
1955,2017-10-09,107.6500015258789,106.54000091552734,106.5999984741211,107.01000213623047,4787000.0,104.95001220703125
1956,2017-10-10,107.5999984741211,106.81999969482422,107.58000183105469,107.30999755859375,4015600.0,105.24422454833984
1957,2017-10-11,108.58999633789062,107.5999984741211,107.69999694824219,108.44000244140625,6473100.0,106.35247039794922
1958,2017-10-12,108.70999908447266,107.9000015258789,108.5,108.11000061035156,6496100.0,106.02882385253906
1959,2017-10-13,109.26000213623047,108.4000015258789,108.5,108.66000366210938,5154600.0,106.56824493408203
1960,2017-10-16,109.05000305175781,107.16000366210938,108.79000091552734,108.30000305175781,5552200.0,106.21516418457031
1961,2017-10-17,108.41999816894531,107.30000305175781,108.25,107.54000091552734,5979400.0,105.46980285644531
1962,2017-10-18,108.0,107.45999908447266,107.62000274658203,107.80000305175781,4817300.0,105.72480773925781
1963,2017-10-19,107.77999877929688,106.9000015258789,107.2699966430664,107.0199966430664,10840200.0,104.95979309082031
1964,2017-10-20,107.69999694824219,106.97000122070312,107.69999694824219,107.55000305175781,7848900.0,105.47962188720703
1965,2017-10-23,108.2300033569336,107.0999984741211,108.05000305175781,107.52999877929688,6316700.0,105.45999145507812
1966,2017-10-24,108.63999938964844,107.18000030517578,107.55999755859375,108.41000366210938,10511200.0,106.32305145263672
1967,2017-10-25,110.61000061035156,108.0,109.41000366210938,109.48999786376953,13261300.0,107.38224792480469
1968,2017-10-26,110.73999786376953,109.66999816894531,110.37999725341797,109.80000305175781,7380100.0,107.68628692626953
1969,2017-10-27,110.12999725341797,108.69000244140625,110.06999969482422,109.70999908447266,7862700.0,107.5980224609375
1970,2017-10-30,110.23999786376953,108.91999816894531,109.66999816894531,110.04000091552734,5148600.0,107.92167663574219
1971,2017-10-31,110.69000244140625,108.66000366210938,110.58000183105469,109.9800033569336,8002500.0,107.86283874511719
1972,2017-11-01,111.4000015258789,110.41999816894531,110.5,111.06999969482422,6167300.0,108.93184661865234
1973,2017-11-02,111.37000274658203,110.19999694824219,111.0199966430664,110.9800033569336,5506600.0,108.84356689453125
1974,2017-11-03,111.41999816894531,110.51000213623047,110.94000244140625,111.36000061035156,3757600.0,109.21626281738281
1975,2017-11-06,112.1500015258789,111.19999694824219,111.36000061035156,111.91999816894531,4094700.0,109.7654800415039
1976,2017-11-07,112.47000122070312,111.55999755859375,112.25,112.08999633789062,3697900.0,109.93219757080078
1977,2017-11-08,112.91000366210938,111.81999969482422,112.01000213623047,112.47000122070312,4417800.0,110.30490112304688
1978,2017-11-09,112.22000122070312,110.93000030517578,111.80000305175781,112.13999938964844,4334700.0,109.98124694824219
1979,2017-11-10,111.9800033569336,111.27999877929688,111.70999908447266,111.87999725341797,4198900.0,109.72624206542969
1980,2017-11-13,111.86000061035156,111.33999633789062,111.55000305175781,111.4000015258789,7185600.0,109.25550842285156
1981,2017-11-14,112.04000091552734,110.80999755859375,111.08000183105469,111.9800033569336,5679600.0,109.8243179321289
1982,2017-11-15,111.87000274658203,110.13999938964844,111.33999633789062,110.25,6895100.0,108.12763977050781
1983,2017-11-16,111.44000244140625,110.56999969482422,110.75,111.0199966430664,5655100.0,109.07572937011719
1984,2017-11-17,110.91000366210938,109.69999694824219,110.69000244140625,109.81999969482422,8812400.0,107.89674377441406
1985,2017-11-20,110.68000030517578,109.69000244140625,109.94999694824219,109.94999694824219,6873200.0,108.02445983886719
1986,2017-11-21,111.48999786376953,110.30000305175781,110.44999694824219,111.44999694824219,6456500.0,109.49819946289062
1987,2017-11-22,111.66000366210938,110.69999694824219,111.5,110.81999969482422,4067600.0,108.87923431396484
1988,2017-11-24,112.16000366210938,111.13999938964844,111.30999755859375,111.97000122070312,3045600.0,110.00909423828125
1989,2017-11-27,112.54000091552734,111.91000366210938,112.0,112.37999725341797,6620500.0,110.41189575195312
1990,2017-11-28,113.62000274658203,112.55999755859375,112.5999984741211,113.36000061035156,6671300.0,111.37474060058594
1991,2017-11-29,113.62000274658203,106.9000015258789,113.62000274658203,109.86000061035156,14505400.0,107.93605041503906
1992,2017-11-30,112.58999633789062,110.02999877929688,110.5,112.58999633789062,18533300.0,110.61823272705078
1993,2017-12-01,112.44000244140625,109.76000213623047,112.37999725341797,110.7300033569336,13101800.0,108.79080963134766
1994,2017-12-04,111.44999694824219,106.97000122070312,111.33000183105469,107.43000030517578,18909100.0,105.54859161376953
1995,2017-12-05,109.23999786376953,106.5999984741211,108.88999938964844,108.58000183105469,12081500.0,106.6784439086914
1996,2017-12-06,110.16999816894531,108.26000213623047,108.48999786376953,109.73999786376953,7532100.0,107.81815338134766
1997,2017-12-07,111.41000366210938,109.44999694824219,109.7699966430664,111.4000015258789,7384900.0,109.44908905029297
1998,2017-12-08,112.61000061035156,111.81999969482422,112.12999725341797,112.5999984741211,7594900.0,110.6280517578125
1999,2017-12-11,113.3499984741211,112.16000366210938,112.5,112.37000274658203,7538600.0,110.40208435058594
2000,2017-12-12,113.7300033569336,112.0,112.37000274658203,113.45999908447266,8754400.0,111.47300720214844
2001,2017-12-13,114.37000274658203,113.19000244140625,113.75,113.30999755859375,8088900.0,111.32563781738281
2002,2017-12-14,114.08999633789062,112.91999816894531,113.55000305175781,112.91999816894531,9815600.0,110.94245910644531
2003,2017-12-15,114.19999694824219,112.38999938964844,113.97000122070312,113.81999969482422,16388000.0,111.82669830322266
2004,2017-12-18,114.75,113.25,114.69000244140625,113.55000305175781,8961800.0,111.5614242553711
2005,2017-12-19,113.27999877929688,112.08000183105469,113.27999877929688,112.13999938964844,7899400.0,110.17611694335938
2006,2017-12-20,113.0999984741211,111.98999786376953,112.72000122070312,112.12000274658203,6201900.0,110.1564712524414
2007,2017-12-21,113.0999984741211,112.31999969482422,112.5999984741211,112.41000366210938,8866400.0,110.44139862060547
2008,2017-12-22,113.11000061035156,112.25,112.38999938964844,112.69000244140625,6190100.0,110.71648406982422
2009,2017-12-26,113.44000244140625,112.06999969482422,112.06999969482422,112.98999786376953,3948900.0,111.01124572753906
2010,2017-12-27,114.06999969482422,112.6500015258789,112.69000244140625,114.0199966430664,7073100.0,112.02318572998047
2011,2017-12-28,114.91999816894531,113.98999786376953,114.30000305175781,114.3499984741211,6937100.0,112.34740447998047
2012,2017-12-29,114.88999938964844,114.0199966430664,114.75,114.0199966430664,5249000.0,112.02318572998047
2013,2018-01-02,115.08000183105469,113.94999694824219,114.56999969482422,114.51000213623047,6080900.0,112.50462341308594
2014,2018-01-03,115.79000091552734,114.66000366210938,114.94999694824219,115.6500015258789,6946100.0,113.62464141845703
2015,2018-01-04,117.36000061035156,116.02999877929688,116.25,116.08000183105469,7805300.0,114.04711151123047
2016,2018-01-05,119.0,116.41999816894531,116.98999786376953,118.86000061035156,8590500.0,116.77843475341797
2017,2018-01-08,120.4800033569336,118.06999969482422,118.61000061035156,119.33999633789062,6660700.0,117.25000762939453
2018,2018-01-09,119.97000122070312,118.66000366210938,119.97000122070312,119.11000061035156,6562400.0,117.0240478515625
2019,2018-01-10,119.05000305175781,117.45999908447266,118.69000244140625,118.9800033569336,7490300.0,116.89633178710938
2020,2018-01-11,119.9800033569336,118.68000030517578,118.80000305175781,119.83999633789062,5982100.0,117.74126434326172
2021,2018-01-12,120.3499984741211,119.70999908447266,120.12000274658203,120.08999633789062,5585800.0,117.98688507080078
2022,2018-01-16,121.94000244140625,119.91000366210938,121.18000030517578,120.38999938964844,8803800.0,118.2816390991211
2023,2018-01-17,122.16000366210938,120.7300033569336,121.19999694824219,121.9800033569336,7991500.0,119.84379577636719
2024,2018-01-18,123.19999694824219,122.02999877929688,122.5199966430664,123.11000061035156,8661000.0,120.9540023803711
2025,2018-01-19,123.6500015258789,121.91999816894531,123.05000305175781,122.69999694824219,8250700.0,120.55118560791016
2026,2018-01-22,124.33000183105469,122.4000015258789,122.87000274658203,124.33000183105469,9355000.0,122.15264129638672
2027,2018-01-23,125.51000213623047,124.20999908447266,124.5999984741211,124.6500015258789,5683300.0,122.46703338623047
2028,2018-01-24,125.44999694824219,123.70999908447266,125.05000305175781,124.55000305175781,6425200.0,122.3687744140625
2029,2018-01-25,125.47000122070312,124.62999725341797,125.0,125.22000122070312,7166400.0,123.02705383300781
2030,2018-01-26,126.37999725341797,124.76000213623047,125.7699966430664,126.31999969482422,5604900.0,124.10779571533203
2031,2018-01-29,126.87999725341797,124.69000244140625,126.73999786376953,124.83999633789062,6257900.0,122.65370178222656
2032,2018-01-30,124.29000091552734,122.83999633789062,123.81999969482422,123.55000305175781,8154400.0,121.38629150390625
2033,2018-01-31,124.4800033569336,123.04000091552734,123.77999877929688,124.2300033569336,7338200.0,122.05438995361328
2034,2018-02-01,126.26000213623047,124.0999984741211,124.73999786376953,125.72000122070312,11169700.0,123.5182876586914
2035,2018-02-02,123.72000122070312,120.69999694824219,123.72000122070312,120.91000366210938,13937700.0,118.79253387451172
2036,2018-02-05,121.12999725341797,115.01000213623047,118.69999694824219,116.2699966430664,16623900.0,114.2337875366211
2037,2018-02-06,120.30000305175781,113.25,115.19999694824219,119.97000122070312,19053300.0,117.86898803710938
2038,2018-02-07,122.45999908447266,119.20999908447266,120.08999633789062,119.6500015258789,9294000.0,117.55460357666016
2039,2018-02-08,119.81999969482422,113.54000091552734,119.52999877929688,113.86000061035156,12673400.0,111.86599731445312
2040,2018-02-09,117.20999908447266,111.0199966430664,114.55000305175781,116.31999969482422,17695500.0,114.28291320800781
2041,2018-02-12,118.83999633789062,116.87999725341797,117.79000091552734,118.47000122070312,11526300.0,116.39527130126953
2042,2018-02-13,118.80000305175781,117.12999725341797,117.8499984741211,118.3499984741211,7803900.0,116.2773666381836
2043,2018-02-14,120.94999694824219,117.5,117.62000274658203,120.83000183105469,9206400.0,118.71394348144531
2044,2018-02-15,122.30999755859375,119.97000122070312,121.69999694824219,122.27999877929688,6921300.0,120.34768676757812
2045,2018-02-16,122.98999786376953,121.56999969482422,121.62999725341797,121.8499984741211,6371400.0,119.92449188232422
2046,2018-02-20,123.05000305175781,121.0199966430664,121.3499984741211,122.01000213623047,6182800.0,120.08196258544922
2047,2018-02-21,122.83000183105469,120.41000366210938,122.05000305175781,120.43000030517578,7676100.0,118.52691650390625
2048,2018-02-22,121.37999725341797,119.62000274658203,120.66999816894531,120.37999725341797,4994000.0,118.47772216796875
2049,2018-02-23,122.95999908447266,121.22000122070312,121.56999969482422,122.93000030517578,5036900.0,120.9874267578125
2050,2018-02-26,124.5999984741211,123.31999969482422,123.58000183105469,124.58999633789062,6270500.0,122.62117767333984
2051,2018-02-27,125.30000305175781,123.3499984741211,124.69999694824219,123.37000274658203,7287200.0,121.42046356201172
2052,2018-02-28,124.9800033569336,122.87999725341797,123.6500015258789,122.94000244140625,6780900.0,120.99727630615234
2053,2018-03-01,124.0,119.62000274658203,123.26000213623047,120.4000015258789,8819600.0,118.49739837646484
2054,2018-03-02,120.9800033569336,117.86000061035156,119.08999633789062,120.7699966430664,7581900.0,118.8615493774414
2055,2018-03-05,122.30999755859375,119.44000244140625,120.44999694824219,121.87999725341797,5810200.0,119.9540023803711
2056,2018-03-06,123.23999786376953,120.66999816894531,122.83000183105469,121.05999755859375,7464400.0,119.14697265625
2057,2018-03-07,122.23999786376953,119.69999694824219,120.02999877929688,121.8499984741211,7254100.0,119.92449188232422
2058,2018-03-08,122.81999969482422,121.16999816894531,121.95999908447266,122.22000122070312,6948900.0,120.28864288330078
2059,2018-03-09,124.79000091552734,122.87000274658203,123.25,124.51000213623047,6397700.0,122.5424575805664
2060,2018-03-12,124.9800033569336,123.4800033569336,124.75,124.23999786376953,8636000.0,122.2767105102539
2061,2018-03-13,125.0,122.9000015258789,124.25,123.19999694824219,9479500.0,121.2531509399414
2062,2018-03-14,124.04000091552734,121.9000015258789,124.04000091552734,122.58000183105469,7855000.0,120.64295196533203
2063,2018-03-15,124.41999816894531,122.69999694824219,123.12999725341797,123.41000366210938,5861900.0,121.4598388671875
2064,2018-03-16,125.05000305175781,123.33000183105469,123.8499984741211,124.52999877929688,9447100.0,122.56212615966797
2065,2018-03-19,124.30999755859375,122.27999877929688,123.94000244140625,123.20999908447266,17387800.0,121.26299285888672
2066,2018-03-20,125.16999816894531,123.30000305175781,123.37999725341797,124.91000366210938,7779700.0,122.93614196777344
2067,2018-03-21,125.44000244140625,123.06999969482422,124.9000015258789,123.22000122070312,7359500.0,121.27284240722656
2068,2018-03-22,122.68000030517578,119.69999694824219,122.19999694824219,119.98999786376953,10501500.0,118.09387969970703
2069,2018-03-23,120.33000183105469,116.76000213623047,119.88999938964844,117.0,10024300.0,115.15113067626953
2070,2018-03-26,120.73999786376953,117.80000305175781,119.08999633789062,120.63999938964844,8735400.0,118.73360443115234
2071,2018-03-27,121.5999984741211,116.73999786376953,121.5199966430664,117.4000015258789,9008600.0,115.54480743408203
2072,2018-03-28,118.06999969482422,116.02999877929688,116.93000030517578,116.98999786376953,9420400.0,115.14128112792969
2073,2018-03-29,120.58999633789062,117.04000091552734,117.68000030517578,119.62000274658203,12918100.0,117.729736328125
2074,2018-04-02,119.83000183105469,116.76000213623047,119.2699966430664,118.38999938964844,9877100.0,116.5191650390625
2075,2018-04-03,119.98999786376953,117.48999786376953,118.88999938964844,119.19999694824219,7084800.0,117.31636047363281
2076,2018-04-04,120.12000274658203,116.70999908447266,116.9000015258789,119.80999755859375,8425700.0,117.91671752929688
2077,2018-04-05,122.01000213623047,120.37000274658203,121.0,121.19000244140625,6816000.0,119.2749252319336
2078,2018-04-06,120.55999755859375,117.12000274658203,120.18000030517578,117.69999694824219,8383800.0,115.84007263183594
2079,2018-04-09,120.66999816894531,118.62999725341797,118.62999725341797,118.79000091552734,7024800.0,116.912841796875
2080,2018-04-10,121.16000366210938,119.63999938964844,120.55999755859375,120.72000122070312,8947200.0,118.81233978271484
2081,2018-04-11,121.66000366210938,119.62000274658203,119.98999786376953,119.77999877929688,5874900.0,117.88719940185547
2082,2018-04-12,121.9800033569336,120.38999938964844,120.4000015258789,121.06999969482422,5666000.0,119.15681457519531
2083,2018-04-13,122.47000122070312,120.6500015258789,121.7300033569336,120.75,9174300.0,118.84187316894531
2084,2018-04-16,122.87000274658203,121.51000213623047,122.11000061035156,121.87999725341797,6903200.0,119.9540023803711
2085,2018-04-17,124.26000213623047,122.5199966430664,122.91000366210938,123.80000305175781,5979600.0,121.84368896484375
2086,2018-04-18,124.87000274658203,123.37999725341797,124.05999755859375,124.4800033569336,5171000.0,122.51293182373047
2087,2018-04-19,124.72000122070312,123.1500015258789,124.30999755859375,123.95999908447266,7294100.0,122.00114440917969
2088,2018-04-20,124.81999969482422,123.30999755859375,124.05999755859375,124.19999694824219,7479400.0,122.23734283447266
2089,2018-04-23,124.97000122070312,123.9000015258789,124.30000305175781,124.45999908447266,8004300.0,122.49324798583984
2090,2018-04-24,125.04000091552734,120.55000305175781,124.87000274658203,121.2699966430664,9434400.0,119.3536376953125
2091,2018-04-25,121.3499984741211,119.37000274658203,121.13999938964844,121.20999908447266,8001200.0,119.29459381103516
2092,2018-04-26,127.58999633789062,123.77999877929688,125.13999938964844,127.08000183105469,14345800.0,125.07183837890625
2093,2018-04-27,127.05999755859375,125.38999938964844,126.44000244140625,126.01000213623047,6842700.0,124.01873779296875
2094,2018-04-30,127.9000015258789,126.66000366210938,126.73999786376953,126.87999725341797,8449200.0,124.87499237060547
2095,2018-05-01,127.56999969482422,125.51000213623047,126.86000061035156,127.51000213623047,6407300.0,125.49504852294922
2096,2018-05-02,128.10000610351562,126.0,127.87999725341797,126.37999725341797,8515300.0,124.38290405273438
2097,2018-05-03,127.45999908447266,125.31999969482422,125.80999755859375,127.18000030517578,6778600.0,125.1702651977539
2098,2018-05-04,128.36000061035156,126.06999969482422,126.33000183105469,128.16000366210938,5798400.0,126.13478088378906
2099,2018-05-07,129.52000427246094,128.25,128.39999389648438,129.25999450683594,5737300.0,127.2173843383789
2100,2018-05-08,129.97000122070312,128.30999755859375,129.13999938964844,129.89999389648438,5044700.0,127.84728240966797
2101,2018-05-09,131.0,129.58999633789062,130.00999450683594,130.83999633789062,6119400.0,128.7724151611328
2102,2018-05-10,131.75,130.72000122070312,131.2899932861328,131.0,6585800.0,128.9298858642578
2103,2018-05-11,132.08999633789062,130.22999572753906,131.0,131.82000732421875,5437100.0,129.73695373535156
2104,2018-05-14,132.5,130.6699981689453,132.42999267578125,131.2100067138672,5017000.0,129.13658142089844
2105,2018-05-15,131.39999389648438,129.89999389648438,130.55999755859375,131.10000610351562,5532300.0,129.0283203125
2106,2018-05-16,131.39999389648438,130.5399932861328,131.08999633789062,130.88999938964844,5124200.0,128.82159423828125
2107,2018-05-17,130.8000030517578,129.61000061035156,130.5800018310547,129.92999267578125,4911700.0,128.08229064941406
2108,2018-05-18,130.33999633789062,129.07000732421875,129.6199951171875,129.92999267578125,6082700.0,128.08229064941406
2109,2018-05-21,131.50999450683594,129.99000549316406,130.9499969482422,130.66000366210938,5591800.0,128.80189514160156
2110,2018-05-22,131.77999877929688,130.5,131.0,130.7100067138672,6645500.0,128.85122680664062
2111,2018-05-23,131.91000366210938,129.8000030517578,130.05999755859375,131.8800048828125,6569100.0,130.00457763671875
2112,2018-05-24,132.2100067138672,130.5,131.82000732421875,131.88999938964844,6035200.0,130.01441955566406
2113,2018-05-25,132.10000610351562,130.92999267578125,131.8800048828125,131.27999877929688,7509600.0,129.41310119628906
2114,2018-05-29,131.0500030517578,129.05999755859375,130.38999938964844,129.69000244140625,10401900.0,127.8457260131836
2115,2018-05-30,131.10000610351562,129.8699951171875,130.1999969482422,130.63999938964844,10631300.0,128.78219604492188
2116,2018-05-31,131.5800018310547,129.97999572753906,130.64999389648438,130.72000122070312,11086000.0,128.861083984375
2117,2018-06-01,132.50999450683594,130.36000061035156,131.83999633789062,130.85000610351562,8323400.0,128.98922729492188
2118,2018-06-04,133.57000732421875,131.42999267578125,131.94000244140625,133.07000732421875,7178000.0,131.17764282226562
2119,2018-06-05,133.6199951171875,132.6999969482422,133.3800048828125,133.55999755859375,6198200.0,131.66065979003906
2120,2018-06-06,136.30999755859375,133.61000061035156,134.0,136.27999877929688,8065800.0,134.3419952392578
2121,2018-06-07,136.5800018310547,133.0500030517578,136.36000061035156,133.83999633789062,8309200.0,131.9366912841797
2122,2018-06-08,134.9199981689453,133.22999572753906,133.44000244140625,134.74000549316406,5261000.0,132.82388305664062
2123,2018-06-11,135.19000244140625,133.80999755859375,134.89999389648438,133.91000366210938,7988700.0,132.00570678710938
2124,2018-06-12,135.1300048828125,133.5399932861328,134.0399932861328,134.86000061035156,5743300.0,132.9421844482422
2125,2018-06-13,135.77000427246094,134.30999755859375,135.17999267578125,134.39999389648438,4881600.0,132.48873901367188
2126,2018-06-14,135.6999969482422,134.75,134.9600067138672,135.0,6464100.0,133.0802001953125
2127,2018-06-15,135.72999572753906,134.0,135.10000610351562,135.10000610351562,10044500.0,133.1787872314453
2128,2018-06-18,136.30999755859375,134.1199951171875,134.3699951171875,136.1999969482422,8713300.0,134.26312255859375
2129,2018-06-19,135.24000549316406,133.57000732421875,134.55999755859375,135.11000061035156,6557600.0,133.18862915039062
2130,2018-06-20,136.69000244140625,135.5,135.52000427246094,135.5,7192000.0,133.57310485839844
2131,2018-06-21,136.1199951171875,134.25999450683594,135.27000427246094,134.52999877929688,8689800.0,132.6168975830078
2132,2018-06-22,135.85000610351562,134.25999450683594,135.60000610351562,135.3300018310547,6031900.0,133.40553283691406
2133,2018-06-25,134.91000366210938,129.52999877929688,134.91000366210938,130.92999267578125,10086200.0,129.06805419921875
2134,2018-06-26,133.7899932861328,131.61000061035156,132.11000061035156,132.5500030517578,7733900.0,130.66500854492188
2135,2018-06-27,133.66000366210938,131.00999450683594,133.00999450683594,131.02000427246094,7282100.0,129.15679931640625
2136,2018-06-28,133.1199951171875,130.64999389648438,131.0,132.74000549316406,6576500.0,130.8523406982422
2137,2018-06-29,134.19000244140625,132.4499969482422,133.27999877929688,132.4499969482422,7259000.0,130.5664825439453
2138,2018-07-02,133.0500030517578,131.14999389648438,131.9600067138672,132.5,7554400.0,130.61573791503906
2139,2018-07-03,133.41000366210938,131.4199981689453,133.00999450683594,131.4499969482422,3621600.0,129.58065795898438
2140,2018-07-05,133.3300018310547,131.8300018310547,132.1300048828125,133.2899932861328,4729300.0,131.39451599121094
2141,2018-07-06,134.27999877929688,132.5,133.5800018310547,134.08999633789062,4839800.0,132.18313598632812
2142,2018-07-09,135.97000122070312,134.7899932861328,134.94000244140625,135.52000427246094,8960700.0,133.59280395507812
2143,2018-07-10,137.3300018310547,135.33999633789062,135.57000732421875,136.69000244140625,6561900.0,134.7461700439453
2144,2018-07-11,138.80999755859375,136.60000610351562,136.6300048828125,138.14999389648438,10648700.0,136.18539428710938
2145,2018-07-12,139.9499969482422,138.66000366210938,139.00999450683594,139.89999389648438,11816100.0,137.91050720214844
2146,2018-07-13,140.02999877929688,137.5399932861328,139.7899932861328,139.4199981689453,7865700.0,137.4373321533203
2147,2018-07-16,139.5500030517578,138.16000366210938,139.4199981689453,138.4600067138672,4969900.0,136.49099731445312
2148,2018-07-17,139.91000366210938,137.4199981689453,138.17999267578125,139.63999938964844,5412600.0,137.6542205810547
2149,2018-07-18,141.1699981689453,139.3699951171875,139.91000366210938,140.89999389648438,7008600.0,138.89630126953125
2150,2018-07-19,140.99000549316406,139.92999267578125,140.9499969482422,140.1300048828125,7937000.0,138.13726806640625
2151,2018-07-20,141.47000122070312,139.9199981689453,140.0,140.99000549316406,7153600.0,138.9850311279297
2152,2018-07-23,140.97000122070312,139.63999938964844,140.66000366210938,140.02999877929688,7723600.0,138.0386505126953
2153,2018-07-24,141.47000122070312,139.50999450683594,140.99000549316406,140.02999877929688,8336700.0,138.0386505126953
2154,2018-07-25,142.77000427246094,139.89999389648438,140.33999633789062,142.63999938964844,8376000.0,140.61154174804688
2155,2018-07-26,142.7899932861328,139.52999877929688,141.61000061035156,142.5,10520800.0,140.47352600097656
2156,2018-07-27,143.13999938964844,139.2100067138672,143.0800018310547,140.7100067138672,7014900.0,138.70901489257812
2157,2018-07-30,140.4199981689453,135.30999755859375,140.1300048828125,136.47999572753906,12812400.0,134.53915405273438
2158,2018-07-31,138.02000427246094,135.6300048828125,137.1300048828125,136.74000549316406,7683300.0,134.79547119140625
2159,2018-08-01,138.74000549316406,137.41000366210938,137.74000549316406,138.25,7087700.0,136.28399658203125
2160,2018-08-02,139.19000244140625,137.0,137.4499969482422,138.9199981689453,12300000.0,136.9444580078125
2161,2018-08-03,139.86000061035156,137.94000244140625,139.2899932861328,139.82000732421875,4617500.0,137.83164978027344
2162,2018-08-06,140.25999450683594,139.0500030517578,139.64999389648438,139.7100067138672,5143000.0,137.7232208251953
2163,2018-08-07,140.69000244140625,139.8699951171875,139.97999572753906,140.27999877929688,10034500.0,138.28512573242188
2164,2018-08-08,140.99000549316406,139.8300018310547,139.97999572753906,140.67999267578125,5389500.0,138.6793975830078
2165,2018-08-09,141.24000549316406,139.89999389648438,140.72999572753906,140.00999450683594,5679300.0,138.01893615722656
2166,2018-08-10,140.74000549316406,139.25,139.8800048828125,139.72999572753906,6523500.0,137.74293518066406
2167,2018-08-13,141.24000549316406,139.8300018310547,140.52999877929688,140.2100067138672,4817500.0,138.21612548828125
2168,2018-08-14,140.99000549316406,139.8800048828125,140.3000030517578,140.75999450683594,5888700.0,138.75831604003906
2169,2018-08-15,140.69000244140625,138.83999633789062,140.35000610351562,139.9199981689453,5288400.0,137.93020629882812
2170,2018-08-16,141.49000549316406,140.4199981689453,141.07000732421875,140.64999389648438,5931700.0,138.85826110839844
2171,2018-08-17,141.7100067138672,140.57000732421875,140.77999877929688,141.3300018310547,7699600.0,139.5295867919922
2172,2018-08-20,141.60000610351562,140.6999969482422,141.5399932861328,140.94000244140625,4662200.0,139.14456176757812
2173,2018-08-21,141.4600067138672,139.8000030517578,141.0,140.0399932861328,6854300.0,138.2560272216797
2174,2018-08-22,141.52999877929688,139.85000610351562,139.85000610351562,141.13999938964844,4191700.0,139.3419952392578
2175,2018-08-23,142.4499969482422,140.77000427246094,141.00999450683594,142.10000610351562,4426800.0,140.28976440429688
2176,2018-08-24,144.3800048828125,142.32000732421875,142.32000732421875,144.1999969482422,5714000.0,142.36302185058594
2177,2018-08-27,145.60000610351562,144.7100067138672,144.99000549316406,145.39999389648438,7194900.0,143.54776000976562
2178,2018-08-28,146.1699981689453,144.8699951171875,145.6300048828125,145.1999969482422,4925700.0,143.35031127929688
2179,2018-08-29,147.3000030517578,145.4199981689453,145.4600067138672,147.02999877929688,5192900.0,145.15696716308594
2180,2018-08-30,147.7100067138672,146.36000061035156,146.82000732421875,146.74000549316406,7804600.0,144.8706817626953
2181,2018-08-31,147.63999938964844,146.5,146.74000549316406,146.88999938964844,5786600.0,145.01876831054688
2182,2018-09-04,147.86000061035156,146.6699981689453,146.92999267578125,147.8000030517578,7638100.0,145.9171905517578
2183,2018-09-05,147.82000732421875,142.5500030517578,147.0,142.6699981689453,11363400.0,140.85252380371094
2184,2018-09-06,144.6999969482422,142.5399932861328,143.2899932861328,144.5,9589200.0,142.65921020507812
2185,2018-09-07,144.44000244140625,142.75,143.99000549316406,143.1999969482422,13626200.0,141.37576293945312
2186,2018-09-10,144.44000244140625,143.2100067138672,144.1300048828125,144.0800018310547,5362700.0,142.2445526123047
2187,2018-09-11,145.52000427246094,143.25,143.4600067138672,145.49000549316406,9895900.0,143.63661193847656
2188,2018-09-12,146.8000030517578,145.07000732421875,145.85000610351562,146.57000732421875,6964100.0,144.70285034179688
2189,2018-09-13,148.07000732421875,147.08999633789062,147.14999389648438,147.6300048828125,5803400.0,145.74932861328125
2190,2018-09-14,148.3699951171875,147.35000610351562,147.91000366210938,147.83999633789062,4928300.0,145.95663452148438
2191,2018-09-17,147.89999389648438,145.8300018310547,147.8300018310547,146.17999267578125,7708600.0,144.3177947998047
2192,2018-09-18,148.08999633789062,145.9499969482422,146.1999969482422,147.6300048828125,5692100.0,145.74932861328125
2193,2018-09-19,148.82000732421875,147.25,148.27999877929688,147.4199981689453,7432300.0,145.54200744628906
2194,2018-09-20,149.49000549316406,147.1999969482422,147.99000549316406,149.24000549316406,7172700.0,147.33885192871094
2195,2018-09-21,150.25999450683594,149.35000610351562,149.9499969482422,150.0500030517578,15628100.0,148.13851928710938
2196,2018-09-24,149.64999389648438,147.27000427246094,149.16000366210938,149.11000061035156,6706700.0,147.21047973632812
2197,2018-09-25,149.9600067138672,149.10000610351562,149.7100067138672,149.5800018310547,4230700.0,147.67449951171875
2198,2018-09-26,150.4199981689453,149.0399932861328,150.0,149.27000427246094,5852400.0,147.36843872070312
2199,2018-09-27,150.63999938964844,149.55999755859375,149.89999389648438,150.02000427246094,5868500.0,148.10888671875
2200,2018-09-28,150.3699951171875,149.5500030517578,149.80999755859375,150.08999633789062,6035900.0,148.177978515625
2201,2018-10-01,151.55999755859375,150.61000061035156,150.88999938964844,150.7899932861328,9802100.0,148.8690948486328
2202,2018-10-02,150.83999633789062,149.1699981689453,150.83999633789062,149.6699981689453,8047500.0,147.76336669921875
2203,2018-10-03,150.7100067138672,149.19000244140625,150.7100067138672,149.3699951171875,7521100.0,147.46717834472656
2204,2018-10-04,149.27999877929688,146.10000610351562,149.17999267578125,146.75999450683594,9208900.0,144.89041137695312
2205,2018-10-05,147.41000366210938,144.39999389648438,146.63999938964844,145.36000061035156,7085700.0,143.50823974609375
2206,2018-10-08,145.00999450683594,140.17999267578125,145.00999450683594,141.88999938964844,11637300.0,140.08245849609375
2207,2018-10-09,143.2899932861328,141.1199951171875,141.4600067138672,142.30999755859375,10798000.0,140.4971160888672
2208,2018-10-10,142.69000244140625,135.2100067138672,142.57000732421875,135.52000427246094,15450100.0,133.79360961914062
2209,2018-10-11,137.24000549316406,132.25999450683594,134.08999633789062,133.72999572753906,15657200.0,132.0264129638672
2210,2018-10-12,140.97999572753906,137.42999267578125,138.47999572753906,140.05999755859375,12993300.0,138.27578735351562
2211,2018-10-15,140.05999755859375,137.22000122070312,139.89999389648438,137.22999572753906,7953000.0,135.4818115234375
2212,2018-10-16,142.13999938964844,138.67999267578125,138.7100067138672,141.74000549316406,11059500.0,139.9343719482422
2213,2018-10-17,142.86000061035156,140.72999572753906,142.33999633789062,142.4499969482422,9170600.0,140.6353302001953
2214,2018-10-18,142.4600067138672,137.9499969482422,142.4600067138672,139.2899932861328,10222600.0,137.51556396484375
2215,2018-10-19,142.19000244140625,139.3800048828125,139.89999389648438,140.0800018310547,8696900.0,138.29551696777344
2216,2018-10-22,141.5399932861328,139.50999450683594,140.97000122070312,140.63999938964844,6099500.0,138.84840393066406
2217,2018-10-23,140.0399932861328,135.58999633789062,136.88999938964844,139.1199951171875,10736100.0,137.3477325439453
2218,2018-10-24,140.17999267578125,134.0,139.6999969482422,134.25999450683594,13849600.0,132.54966735839844
2219,2018-10-25,140.89999389648438,132.5,135.4499969482422,140.52000427246094,14985900.0,138.7299041748047
2220,2018-10-26,139.8699951171875,136.05999755859375,137.97999572753906,137.74000549316406,12034900.0,135.98532104492188
2221,2018-10-29,141.50999450683594,132.27000427246094,139.61000061035156,134.3300018310547,12768200.0,132.61878967285156
2222,2018-10-30,134.86000061035156,129.7899932861328,133.0800018310547,132.75999450683594,15107600.0,131.06875610351562
2223,2018-10-31,139.1199951171875,134.99000549316406,134.99000549316406,137.85000610351562,13205300.0,136.09393310546875
2224,2018-11-01,140.8699951171875,137.49000549316406,139.0,140.8300018310547,16024000.0,139.0359649658203
2225,2018-11-02,141.4499969482422,137.85000610351562,141.11000061035156,139.77999877929688,17063100.0,137.99932861328125
2226,2018-11-05,140.2100067138672,138.07000732421875,139.8000030517578,139.8000030517578,6280000.0,138.0190887451172
2227,2018-11-06,140.91000366210938,139.72000122070312,139.8000030517578,140.7899932861328,4732700.0,138.99647521972656
2228,2018-11-07,144.89999389648438,142.32000732421875,142.33999633789062,144.77999877929688,20502100.0,142.93563842773438
2229,2018-11-08,145.4600067138672,143.64999389648438,144.60000610351562,145.22999572753906,5927400.0,143.37989807128906
2230,2018-11-09,144.57000732421875,142.36000061035156,144.1999969482422,143.92999267578125,8339800.0,142.09645080566406
2231,2018-11-12,143.63999938964844,139.1699981689453,143.4199981689453,139.72000122070312,11335100.0,137.9401092529297
2232,2018-11-13,141.89999389648438,139.00999450683594,140.35000610351562,139.72000122070312,6287000.0,137.9401092529297
2233,2018-11-14,142.60000610351562,138.41000366210938,142.02000427246094,139.49000549316406,6613900.0,137.7130126953125
2234,2018-11-15,141.91000366210938,137.92999267578125,138.85000610351562,141.83999633789062,8565000.0,140.2845458984375
2235,2018-11-16,141.83999633789062,139.9199981689453,140.4199981689453,140.17999267578125,8628000.0,138.64273071289062
2236,2018-11-19,140.57000732421875,134.25,140.47000122070312,134.75999450683594,16253000.0,133.2821502685547
2237,2018-11-20,134.52999877929688,129.5399932861328,130.30999755859375,133.3699951171875,12720200.0,131.90740966796875
2238,2018-11-21,135.77999877929688,133.6300048828125,134.36000061035156,134.4199981689453,7416300.0,132.94589233398438
2239,2018-11-23,134.25,132.49000549316406,132.58999633789062,132.8699951171875,3676000.0,131.41290283203125
2240,2018-11-26,136.52000427246094,134.25,134.60000610351562,135.94000244140625,9144600.0,134.44923400878906
2241,2018-11-27,136.30999755859375,134.1199951171875,135.27999877929688,135.91000366210938,7877900.0,134.4195556640625
2242,2018-11-28,141.5399932861328,136.8699951171875,137.07000732421875,141.3800048828125,11265100.0,139.82958984375
2243,2018-11-29,140.6999969482422,138.7100067138672,140.69000244140625,139.10000610351562,8751500.0,137.57455444335938
2244,2018-11-30,142.25999450683594,138.6300048828125,139.00999450683594,141.7100067138672,11362800.0,140.15597534179688
2245,2018-12-03,145.72000122070312,143.85000610351562,145.0,145.0,11285600.0,143.40988159179688
2246,2018-12-04,144.35000610351562,138.5,143.1300048828125,138.63999938964844,13988900.0,137.11961364746094
2247,2018-12-06,141.11000061035156,133.47999572753906,135.0399932861328,141.0500030517578,16391900.0,139.50318908691406
2248,2018-12-07,142.1300048828125,135.99000549316406,140.82000732421875,137.11000061035156,14007700.0,135.6063995361328
2249,2018-12-10,138.27000427246094,134.86000061035156,136.25,137.8800048828125,15744300.0,136.36795043945312
2250,2018-12-11,140.0500030517578,135.9199981689453,139.94000244140625,136.80999755859375,12466300.0,135.3096923828125
2251,2018-12-12,140.8800048828125,137.75,139.3000030517578,137.8000030517578,10387200.0,136.28884887695312
2252,2018-12-13,139.1300048828125,136.14999389648438,138.3000030517578,137.5399932861328,8780900.0,136.03164672851562
2253,2018-12-14,136.72000122070312,134.5500030517578,135.69000244140625,135.08999633789062,9351200.0,133.60855102539062
2254,2018-12-17,134.42999267578125,130.69000244140625,134.2100067138672,131.39999389648438,11796200.0,129.958984375
2255,2018-12-18,134.1699981689453,131.8000030517578,132.2899932861328,132.66000366210938,12761900.0,131.2052001953125
2256,2018-12-19,135.8699951171875,129.52000427246094,132.92999267578125,131.25999450683594,13819000.0,129.82052612304688
2257,2018-12-20,132.00999450683594,127.1500015258789,130.16000366210938,128.75999450683594,18091700.0,127.34795379638672
2258,2018-12-21,130.3300018310547,122.94999694824219,127.18000030517578,124.26000213623047,25448600.0,122.8973159790039
2259,2018-12-24,125.20999908447266,121.5999984741211,122.08000183105469,121.7300033569336,8617700.0,120.39505767822266
2260,2018-12-26,130.24000549316406,123.0,123.0199966430664,130.22999572753906,13499500.0,128.80181884765625
2261,2018-12-27,132.00999450683594,126.5199966430664,127.98999786376953,132.00999450683594,10883000.0,130.56231689453125
2262,2018-12-28,133.6199951171875,129.66000366210938,133.0800018310547,130.94000244140625,7381300.0,129.50405883789062
2263,2018-12-31,132.44000244140625,130.22999572753906,131.67999267578125,131.94000244140625,7976000.0,130.49310302734375
2264,2019-01-02,133.74000549316406,129.60000610351562,130.0,132.9199981689453,8788000.0,131.4623260498047
2265,2019-01-03,131.27999877929688,127.87999725341797,131.2100067138672,128.1300048828125,9428300.0,126.72488403320312
2266,2019-01-04,134.58999633789062,130.1300048828125,130.44000244140625,133.64999389648438,11065800.0,132.18434143066406
2267,2019-01-07,137.1699981689453,134.0399932861328,134.4499969482422,136.05999755859375,12928000.0,134.5679168701172
2268,2019-01-08,138.19000244140625,135.9600067138672,137.97000122070312,136.8000030517578,9243000.0,135.2998046875
2269,2019-01-09,139.47999572753906,137.6199951171875,138.3000030517578,138.41000366210938,9987600.0,136.8921356201172
2270,2019-01-10,138.82000732421875,136.36000061035156,136.80999755859375,138.6699981689453,12514900.0,137.14927673339844
2271,2019-01-11,138.60000610351562,137.41000366210938,137.75,138.05999755859375,5860100.0,136.54595947265625
2272,2019-01-14,138.1300048828125,136.64999389648438,136.99000549316406,137.10000610351562,8666700.0,135.5965118408203
2273,2019-01-15,137.72000122070312,135.25,136.9600067138672,137.33999633789062,7594900.0,135.8338623046875
2274,2019-01-16,138.8699951171875,137.07000732421875,138.39999389648438,137.33999633789062,7258000.0,135.8338623046875
2275,2019-01-17,137.91000366210938,136.58999633789062,136.97000122070312,137.27999877929688,5864900.0,135.7745361328125
2276,2019-01-18,138.60000610351562,136.63999938964844,138.30999755859375,138.5,10263500.0,136.98117065429688
2277,2019-01-22,139.52000427246094,136.97999572753906,137.89999389648438,138.0500030517578,8102300.0,136.5360870361328
2278,2019-01-23,138.97999572753906,136.14999389648438,138.77000427246094,137.00999450683594,5465800.0,135.5074920654297
2279,2019-01-24,138.32000732421875,136.52000427246094,137.11000061035156,137.6999969482422,4924800.0,136.18992614746094
2280,2019-01-25,139.89999389648438,137.6999969482422,139.0,138.6699981689453,9756300.0,137.14927673339844
2281,2019-01-28,137.50999450683594,134.80999755859375,137.50999450683594,135.99000549316406,9857200.0,134.49867248535156
2282,2019-01-29,136.69000244140625,134.11000061035156,136.58999633789062,135.0,7457700.0,133.51953125
2283,2019-01-30,137.89999389648438,135.50999450683594,136.10000610351562,137.60000610351562,8078100.0,136.0910186767578
2284,2019-01-31,135.72999572753906,133.3000030517578,134.38999938964844,135.00999450683594,20095700.0,133.5294189453125
2285,2019-02-01,140.35000610351562,135.25999450683594,135.38999938964844,140.14999389648438,13248300.0,138.6130828857422
2286,2019-02-04,141.52000427246094,139.17999267578125,139.7899932861328,141.5,11882700.0,139.94827270507812
2287,2019-02-05,142.9499969482422,141.8300018310547,142.0,142.52999877929688,8455700.0,140.96694946289062
2288,2019-02-06,142.4199981689453,141.0500030517578,141.9600067138672,141.49000549316406,6146900.0,139.93836975097656
2289,2019-02-07,141.05999755859375,139.2100067138672,139.9199981689453,140.1699981689453,10675300.0,138.63284301757812
2290,2019-02-08,140.39999389648438,138.52000427246094,138.69000244140625,140.3800048828125,5950700.0,138.84056091308594
2291,2019-02-11,142.2899932861328,140.4499969482422,141.25999450683594,140.8000030517578,7600100.0,139.25592041015625
2292,2019-02-12,142.8000030517578,141.25,141.7899932861328,141.99000549316406,6090000.0,140.43287658691406
2293,2019-02-13,144.6999969482422,142.8699951171875,142.88999938964844,143.49000549316406,6885600.0,141.91644287109375
2294,2019-02-14,143.47999572753906,142.39999389648438,142.97999572753906,143.16000366210938,6314000.0,141.83718872070312
2295,2019-02-15,144.91000366210938,143.82000732421875,144.5500030517578,144.91000366210938,6536000.0,143.5709991455078
2296,2019-02-19,144.8800048828125,144.02000427246094,144.4199981689453,144.44000244140625,8406700.0,143.10533142089844
2297,2019-02-20,144.83999633789062,143.52000427246094,144.35000610351562,144.72999572753906,5283100.0,143.39266967773438
2298,2019-02-21,145.02999877929688,143.17999267578125,144.35000610351562,144.0,8573400.0,142.66941833496094
2299,2019-02-22,146.27999877929688,144.4199981689453,144.4199981689453,145.8699951171875,9680800.0,144.52212524414062
2300,2019-02-25,147.1999969482422,145.80999755859375,146.91000366210938,146.05999755859375,9731200.0,144.7103729248047
2301,2019-02-26,147.39999389648438,145.02000427246094,145.1999969482422,147.0399932861328,7332500.0,145.6813201904297
2302,2019-02-27,147.49000549316406,145.9199981689453,146.5,147.22000122070312,9731200.0,145.8596649169922
2303,2019-02-28,148.82000732421875,147.22999572753906,147.25999450683594,148.1199951171875,6250200.0,146.7513427734375
2304,2019-03-01,149.92999267578125,148.3800048828125,149.4600067138672,149.47000122070312,7016800.0,148.0888671875
2305,2019-03-04,150.19000244140625,146.9499969482422,150.07000732421875,147.9600067138672,6979700.0,146.59283447265625
2306,2019-03-05,149.2899932861328,147.8300018310547,148.0,147.9499969482422,9678600.0,146.58291625976562
2307,2019-03-06,148.52000427246094,147.4199981689453,148.0,147.80999755859375,8186400.0,146.44419860839844
2308,2019-03-07,147.80999755859375,146.0399932861328,147.25999450683594,146.8300018310547,8761700.0,145.47325134277344
2309,2019-03-08,147.47999572753906,144.5,145.44000244140625,147.35000610351562,5168100.0,145.98846435546875
2310,2019-03-11,150.97000122070312,148.02000427246094,148.11000061035156,150.6699981689453,9361500.0,149.2777862548828
2311,2019-03-12,153.13999938964844,150.8699951171875,151.0,151.72999572753906,9465100.0,150.32798767089844
2312,2019-03-13,154.0399932861328,152.0399932861328,152.3000030517578,152.47000122070312,8308900.0,151.06114196777344
2313,2019-03-14,154.69000244140625,152.3000030517578,152.55999755859375,154.1999969482422,9364900.0,152.77516174316406
2314,2019-03-15,156.82000732421875,153.36000061035156,153.72000122070312,155.4600067138672,20162000.0,154.0235137939453
2315,2019-03-18,156.41000366210938,154.4199981689453,155.9199981689453,154.9600067138672,9689400.0,153.5281524658203
2316,2019-03-19,155.9499969482422,154.13999938964844,155.9499969482422,154.58999633789062,9236100.0,153.1615447998047
2317,2019-03-20,154.8699951171875,152.7100067138672,154.33999633789062,153.75,6391400.0,152.32933044433594
2318,2019-03-21,156.67999267578125,153.30999755859375,153.32000732421875,155.8000030517578,7027100.0,154.36038208007812
2319,2019-03-22,155.67999267578125,152.85000610351562,154.99000549316406,153.07000732421875,8119800.0,151.65560913085938
2320,2019-03-25,154.05999755859375,151.5399932861328,152.36000061035156,153.02999877929688,7568000.0,151.61595153808594
2321,2019-03-26,155.60000610351562,153.77000427246094,153.77000427246094,155.3000030517578,15594400.0,153.864990234375
2322,2019-03-27,155.86000061035156,153.36000061035156,155.47000122070312,154.22000122070312,12253800.0,152.7949676513672
2323,2019-03-28,155.0800018310547,153.61000061035156,154.92999267578125,154.6699981689453,16902200.0,153.24081420898438
2324,2019-03-29,156.2899932861328,154.92999267578125,155.72999572753906,156.19000244140625,12164400.0,154.74676513671875
2325,2019-04-01,157.72999572753906,156.5500030517578,157.52999877929688,157.25999450683594,6420100.0,155.80686950683594
2326,2019-04-02,158.14999389648438,156.75,157.66000366210938,157.77999877929688,6215100.0,156.3220672607422
2327,2019-04-03,159.11000061035156,157.85000610351562,158.5500030517578,158.4600067138672,8211700.0,156.9958038330078
2328,2019-04-04,158.69000244140625,156.52999877929688,158.52999877929688,157.63999938964844,5100200.0,156.18338012695312
2329,2019-04-05,158.6300048828125,157.22999572753906,158.0,157.64999389648438,4178300.0,156.1932830810547
2330,2019-04-08,157.85000610351562,156.32000732421875,157.5500030517578,157.75,5604700.0,156.2923583984375
2331,2019-04-09,157.99000549316406,156.47000122070312,156.55999755859375,157.49000549316406,6364100.0,156.0347442626953
2332,2019-04-10,158.77999877929688,157.52000427246094,157.99000549316406,158.55999755859375,3918600.0,157.09486389160156
2333,2019-04-11,159.3000030517578,157.44000244140625,159.11000061035156,157.86000061035156,5771400.0,156.40133666992188
2334,2019-04-12,159.63999938964844,157.86000061035156,158.7100067138672,159.63999938964844,6745100.0,158.16488647460938
2335,2019-04-15,160.47999572753906,159.19000244140625,159.8300018310547,160.44000244140625,8142800.0,158.95750427246094
2336,2019-04-16,161.10000610351562,159.5500030517578,161.0399932861328,160.22999572753906,6021400.0,158.7494354248047
2337,2019-04-17,161.07000732421875,160.30999755859375,160.8699951171875,160.44000244140625,4609100.0,158.95750427246094
2338,2019-04-18,161.10000610351562,159.0,160.92999267578125,160.16000366210938,7859400.0,158.68011474609375
2339,2019-04-22,160.47999572753906,159.07000732421875,159.1999969482422,160.39999389648438,4602600.0,158.91786193847656
2340,2019-04-23,161.8800048828125,159.8699951171875,161.0,161.66000366210938,6522900.0,160.16624450683594
2341,2019-04-24,162.02999877929688,160.64999389648438,161.75,161.49000549316406,7376500.0,159.997802734375
2342,2019-04-25,161.60000610351562,158.5500030517578,160.52000427246094,161.02000427246094,8862500.0,159.5321502685547
2343,2019-04-26,163.02999877929688,160.39999389648438,161.25999450683594,162.92999267578125,7525400.0,161.42449951171875
2344,2019-04-29,164.5,163.10000610351562,163.2100067138672,164.14999389648438,10003600.0,162.6332244873047
2345,2019-04-30,165.6999969482422,163.9199981689453,164.97999572753906,164.42999267578125,6432700.0,162.91061401367188
2346,2019-05-01,165.74000549316406,162.75,165.5399932861328,162.7899932861328,5248100.0,161.28578186035156
2347,2019-05-02,163.0800018310547,160.42999267578125,162.10000610351562,161.1199951171875,6054900.0,159.63119506835938
2348,2019-05-03,162.74000549316406,161.17999267578125,162.3000030517578,162.0399932861328,4317500.0,160.54270935058594
2349,2019-05-06,162.64999389648438,158.1999969482422,158.2100067138672,162.27999877929688,10442400.0,160.78048706054688
2350,2019-05-07,161.77999877929688,158.67999267578125,160.9499969482422,160.2100067138672,6413600.0,158.72962951660156
2351,2019-05-08,161.6999969482422,159.52000427246094,159.77000427246094,160.75999450683594,5445900.0,159.27452087402344
2352,2019-05-09,159.85000610351562,157.1699981689453,158.86000061035156,159.80999755859375,6813700.0,158.3333282470703
2353,2019-05-10,161.39999389648438,157.27000427246094,158.86000061035156,160.7100067138672,5192500.0,159.22499084472656
2354,2019-05-13,158.72000122070312,156.4199981689453,157.19000244140625,157.3300018310547,9730000.0,155.87625122070312
2355,2019-05-14,161.52000427246094,157.94000244140625,158.10000610351562,160.2100067138672,9756700.0,158.72962951660156
2356,2019-05-15,163.16000366210938,159.10000610351562,159.32000732421875,162.7899932861328,7547000.0,161.28578186035156
2357,2019-05-16,165.60000610351562,162.86000061035156,163.4499969482422,164.8699951171875,9745500.0,163.59779357910156
2358,2019-05-17,165.1999969482422,163.1999969482422,163.2899932861328,164.08999633789062,4582500.0,162.82383728027344
2359,2019-05-20,164.74000549316406,162.3300018310547,163.35000610351562,163.47000122070312,4747400.0,162.20860290527344
2360,2019-05-21,164.86000061035156,163.19000244140625,164.5800018310547,163.86000061035156,9095700.0,162.5955810546875
2361,2019-05-22,165.6300048828125,163.4499969482422,163.60000610351562,164.24000549316406,5416400.0,162.97268676757812
2362,2019-05-23,164.25,160.82000732421875,163.5,161.50999450683594,6138000.0,160.2637176513672
2363,2019-05-24,163.41000366210938,161.72000122070312,162.75,162.63999938964844,4105600.0,161.38502502441406
2364,2019-05-28,165.77000427246094,163.3300018310547,163.39999389648438,163.7100067138672,10202300.0,162.44676208496094
2365,2019-05-29,163.5,161.47999572753906,163.3000030517578,162.72999572753906,6456000.0,161.47430419921875
2366,2019-05-30,163.5,161.94000244140625,162.8000030517578,162.75999450683594,4750600.0,161.5040740966797
2367,2019-05-31,162.1300048828125,160.55999755859375,160.91000366210938,161.3300018310547,5079000.0,160.0851287841797
2368,2019-06-03,162.8300018310547,156.75,161.5399932861328,158.60000610351562,8034600.0,157.37619018554688
2369,2019-06-04,162.3699951171875,158.64999389648438,160.2899932861328,162.3300018310547,6684800.0,161.07740783691406
2370,2019-06-05,165.39999389648438,162.69000244140625,163.5,165.38999938964844,7769300.0,164.11380004882812
2371,2019-06-06,167.39999389648438,164.94000244140625,165.8800048828125,166.9199981689453,13738500.0,165.63198852539062
2372,2019-06-07,171.61000061035156,167.8000030517578,168.0,170.0500030517578,10528800.0,168.7378387451172
2373,2019-06-10,172.02000427246094,170.50999450683594,171.83999633789062,170.82000732421875,7565900.0,169.50189208984375
2374,2019-06-11,172.17999267578125,168.4199981689453,171.9499969482422,170.30999755859375,6082900.0,168.9958038330078
2375,2019-06-12,171.6199951171875,169.6999969482422,170.3800048828125,171.58999633789062,6756200.0,170.26593017578125
2376,2019-06-13,172.1999969482422,168.72000122070312,172.13999938964844,169.35000610351562,6901400.0,168.04324340820312
2377,2019-06-14,170.63999938964844,168.83999633789062,169.77000427246094,169.66000366210938,4999900.0,168.350830078125
2378,2019-06-17,170.4199981689453,169.02999877929688,169.72999572753906,169.55999755859375,6410200.0,168.25160217285156
2379,2019-06-18,170.6699981689453,167.5500030517578,170.64999389648438,169.27999877929688,6969300.0,167.97378540039062
2380,2019-06-19,171.1999969482422,169.2100067138672,169.38999938964844,170.69000244140625,6323900.0,169.37289428710938
2381,2019-06-20,173.94000244140625,171.75,172.50999450683594,173.74000549316406,11474100.0,172.39935302734375
2382,2019-06-21,174.80999755859375,173.16000366210938,173.27000427246094,173.44000244140625,11728200.0,172.1016845703125
2383,2019-06-24,174.72999572753906,172.72000122070312,174.60000610351562,173.85000610351562,5554900.0,172.50851440429688
2384,2019-06-25,174.94000244140625,170.58999633789062,174.80999755859375,171.27999877929688,9899900.0,169.95834350585938
2385,2019-06-26,172.38999938964844,170.82000732421875,171.38999938964844,171.05999755859375,7129900.0,169.7400360107422
2386,2019-06-27,172.39999389648438,170.32000732421875,172.1199951171875,171.22999572753906,5873400.0,169.90872192382812
2387,2019-06-28,173.5500030517578,170.52000427246094,171.9600067138672,173.5500030517578,8442700.0,172.21083068847656
2388,2019-07-01,175.5399932861328,172.74000549316406,175.3300018310547,173.94000244140625,6122000.0,172.5978240966797
2389,2019-07-02,175.32000732421875,173.3000030517578,174.10000610351562,175.27999877929688,5238100.0,173.92747497558594
2390,2019-07-03,176.99000549316406,175.72000122070312,176.0,176.8699951171875,4066600.0,175.5052032470703
2391,2019-07-05,177.02999877929688,174.50999450683594,175.86000061035156,176.66000366210938,5840400.0,175.29684448242188
2392,2019-07-08,176.61000061035156,175.39999389648438,176.3000030517578,176.19000244140625,6720300.0,174.8304443359375
2393,2019-07-09,177.88999938964844,175.3000030517578,175.42999267578125,177.72999572753906,4894300.0,176.35858154296875
2394,2019-07-10,180.25999450683594,178.5800018310547,178.5800018310547,179.30999755859375,5110600.0,177.9263916015625
2395,2019-07-11,180.94000244140625,179.4600067138672,180.1199951171875,180.74000549316406,6986600.0,179.3453369140625
2396,2019-07-12,181.35000610351562,178.9199981689453,181.35000610351562,180.3300018310547,7196700.0,178.93850708007812
2397,2019-07-15,181.07000732421875,179.94000244140625,180.55999755859375,180.57000732421875,4490400.0,179.1766815185547
2398,2019-07-16,180.8800048828125,178.72999572753906,180.3699951171875,179.30999755859375,6800200.0,177.9263916015625
2399,2019-07-17,180.2100067138672,179.00999450683594,179.55999755859375,179.14999389648438,3994200.0,177.7676239013672
2400,2019-07-18,180.6199951171875,178.5800018310547,178.6300048828125,180.52999877929688,4738500.0,179.13694763183594
2401,2019-07-19,181.83999633789062,179.13999938964844,181.83999633789062,179.24000549316406,5327100.0,177.85693359375
2402,2019-07-22,180.97999572753906,179.13999938964844,179.63999938964844,180.57000732421875,4862100.0,179.1766815185547
2403,2019-07-23,181.27000427246094,179.05999755859375,180.88999938964844,180.89999389648438,7193000.0,179.5041046142578
2404,2019-07-24,183.42999267578125,179.25,180.7899932861328,183.3300018310547,8169300.0,181.9153594970703
2405,2019-07-25,183.99000549316406,181.3000030517578,183.8699951171875,181.58999633789062,6085800.0,180.18878173828125
2406,2019-07-26,183.82000732421875,182.2100067138672,182.41000366210938,183.69000244140625,5056300.0,182.27259826660156
2407,2019-07-29,184.07000732421875,182.72999572753906,183.88999938964844,183.2100067138672,4621800.0,181.79627990722656
2408,2019-07-30,183.3800048828125,181.27000427246094,182.5399932861328,181.52999877929688,5236600.0,180.12924194335938
2409,2019-07-31,182.0500030517578,176.05999755859375,181.7899932861328,178.0,7981200.0,176.62648010253906
2410,2019-08-01,182.39999389648438,178.1699981689453,179.19000244140625,179.1699981689453,8417300.0,177.78746032714844
2411,2019-08-02,178.27000427246094,174.69000244140625,178.0,177.4199981689453,8264600.0,176.05096435546875
2412,2019-08-05,173.5,166.97999572753906,172.00999450683594,168.86000061035156,16858300.0,167.5570068359375
2413,2019-08-06,172.9499969482422,170.1300048828125,171.7899932861328,172.47999572753906,10281300.0,171.14906311035156
2414,2019-08-07,175.72999572753906,170.33999633789062,171.5,175.32000732421875,8292800.0,173.9671630859375
2415,2019-08-08,179.9499969482422,176.57000732421875,177.4600067138672,179.89999389648438,7602800.0,178.51182556152344
2416,2019-08-09,180.10000610351562,177.85000610351562,179.6699981689453,179.0500030517578,5373700.0,177.66836547851562
2417,2019-08-12,178.64999389648438,175.60000610351562,177.44000244140625,176.33999633789062,7394400.0,174.97930908203125
2418,2019-08-13,178.9199981689453,174.2100067138672,174.38999938964844,178.61000061035156,6667700.0,177.23178100585938
2419,2019-08-14,177.25,173.16000366210938,176.24000549316406,173.50999450683594,7293500.0,172.17112731933594
2420,2019-08-15,177.02000427246094,173.52000427246094,174.25999450683594,176.27000427246094,6698000.0,175.1622314453125
2421,2019-08-16,178.75,177.1999969482422,178.0,178.22999572753906,8312200.0,177.1099090576172
2422,2019-08-19,180.4199981689453,178.1199951171875,180.4199981689453,179.74000549316406,5285000.0,178.61041259765625
2423,2019-08-20,180.6300048828125,178.49000549316406,179.42999267578125,179.24000549316406,3793600.0,178.11355590820312
2424,2019-08-21,181.69000244140625,180.24000549316406,180.69000244140625,180.94000244140625,3695900.0,179.8028564453125
2425,2019-08-22,182.3300018310547,178.61000061035156,181.9499969482422,180.08999633789062,6659900.0,178.9582061767578
2426,2019-08-23,180.5,174.24000549316406,179.5500030517578,175.22999572753906,7051900.0,174.1287384033203
2427,2019-08-26,177.6699981689453,175.35000610351562,176.41000366210938,177.58999633789062,7754400.0,176.4739227294922
2428,2019-08-27,179.19000244140625,176.94000244140625,178.32000732421875,178.3800048828125,4022100.0,177.25894165039062
2429,2019-08-28,178.99000549316406,176.02999877929688,176.99000549316406,178.6699981689453,4401900.0,177.54713439941406
2430,2019-08-29,181.38999938964844,179.30999755859375,180.39999389648438,181.1699981689453,4679200.0,180.03143310546875
2431,2019-08-30,182.17999267578125,179.6699981689453,181.99000549316406,180.82000732421875,4061200.0,179.68362426757812
2432,2019-09-03,181.25,179.10000610351562,180.52000427246094,179.1999969482422,4644000.0,178.0738067626953
2433,2019-09-04,182.1999969482422,180.0500030517578,180.89999389648438,181.77000427246094,4154800.0,180.62765502929688
2434,2019-09-05,185.67999267578125,183.3800048828125,183.72999572753906,184.72999572753906,6386800.0,183.5690460205078
2435,2019-09-06,186.7100067138672,184.5500030517578,184.74000549316406,185.74000549316406,7990900.0,184.5727081298828
2436,2019-09-09,187.0500030517578,179.50999450683594,186.9199981689453,181.5500030517578,7290500.0,180.40904235839844
2437,2019-09-10,179.6999969482422,173.80999755859375,179.41000366210938,176.35000610351562,15255200.0,175.24172973632812
2438,2019-09-11,177.92999267578125,174.4499969482422,177.39999389648438,174.97999572753906,9113600.0,173.8803253173828
2439,2019-09-12,179.41000366210938,176.67999267578125,176.85000610351562,177.97999572753906,7748800.0,176.86146545410156
2440,2019-09-13,178.77000427246094,176.02000427246094,178.64999389648438,177.27000427246094,6103200.0,176.1559295654297
2441,2019-09-16,177.1999969482422,175.50999450683594,176.1699981689453,176.11000061035156,4253600.0,175.0032196044922
2442,2019-09-17,178.25999450683594,175.0399932861328,176.8300018310547,176.4499969482422,5924700.0,175.34109497070312
2443,2019-09-18,177.17999267578125,172.8300018310547,177.08999633789062,175.2899932861328,9542500.0,174.1883544921875
2444,2019-09-19,177.41000366210938,175.61000061035156,176.1999969482422,175.9600067138672,6964500.0,174.85415649414062
2445,2019-09-20,177.6300048828125,173.9499969482422,177.39999389648438,174.05999755859375,12820400.0,172.9661102294922
2446,2019-09-23,175.25,172.7899932861328,172.89999389648438,174.91000366210938,8803500.0,173.81076049804688
2447,2019-09-24,177.1999969482422,173.39999389648438,176.11000061035156,174.47999572753906,10039900.0,173.3834686279297
2448,2019-09-25,175.6699981689453,172.38999938964844,173.8000030517578,175.27999877929688,7797300.0,174.17843627929688
2449,2019-09-26,176.4499969482422,174.61000061035156,175.64999389648438,175.64999389648438,10419000.0,174.5460968017578
2450,2019-09-27,176.8300018310547,172.36000061035156,176.6999969482422,174.0,9212600.0,172.90647888183594
2451,2019-09-30,175.4499969482422,172.00999450683594,174.1699981689453,172.00999450683594,16464000.0,170.92897033691406
2452,2019-10-01,174.82000732421875,172.82000732421875,173.02000427246094,174.2899932861328,8146200.0,173.1946563720703
2453,2019-10-02,172.94000244140625,168.58999633789062,172.63999938964844,169.8300018310547,10596200.0,168.7626953125
2454,2019-10-03,173.13999938964844,168.6300048828125,169.91000366210938,172.8699951171875,7242800.0,171.7835693359375
2455,2019-10-04,176.52000427246094,174.44000244140625,174.67999267578125,175.97999572753906,6027600.0,174.8740234375
2456,2019-10-07,175.69000244140625,173.8000030517578,174.66000366210938,174.89999389648438,5248300.0,173.8008270263672
2457,2019-10-08,174.63999938964844,171.8800048828125,173.57000732421875,172.4199981689453,5336500.0,171.33639526367188
2458,2019-10-09,175.99000549316406,173.63999938964844,174.11000061035156,174.8800048828125,6277300.0,173.7809600830078
2459,2019-10-10,175.89999389648438,173.58999633789062,173.88999938964844,174.8800048828125,4762400.0,173.7809600830078
2460,2019-10-11,179.1999969482422,176.85000610351562,176.8699951171875,177.05999755859375,8754400.0,175.94723510742188
2461,2019-10-14,178.41000366210938,177.11000061035156,177.3800048828125,177.36000061035156,7240900.0,176.24537658691406
2462,2019-10-15,179.42999267578125,177.5500030517578,178.1300048828125,178.75,4400200.0,177.6266326904297
2463,2019-10-16,178.25999450683594,176.27000427246094,177.9199981689453,177.8699951171875,6509000.0,176.7521514892578
2464,2019-10-17,179.19000244140625,177.5,178.88999938964844,177.94000244140625,4887900.0,176.8217315673828
2465,2019-10-18,178.1999969482422,174.5500030517578,177.89999389648438,175.7100067138672,6311900.0,174.6057586669922
2466,2019-10-21,176.72999572753906,174.61000061035156,176.0,176.42999267578125,4898200.0,175.3212127685547
2467,2019-10-22,177.7899932861328,170.77999877929688,177.0,170.86000061035156,10094700.0,169.78622436523438
2468,2019-10-23,172.1699981689453,170.17999267578125,170.99000549316406,171.32000732421875,7122300.0,170.24331665039062
2469,2019-10-24,176.8699951171875,173.39999389648438,173.4199981689453,176.16000366210938,7872600.0,175.05291748046875
2470,2019-10-25,179.14999389648438,173.5,174.92999267578125,177.85000610351562,10130100.0,176.73226928710938
2471,2019-10-28,180.17999267578125,178.35000610351562,178.92999267578125,179.83999633789062,10086500.0,178.7097625732422
2472,2019-10-29,180.0,177.3699951171875,179.8000030517578,177.6300048828125,7572800.0,176.51365661621094
2473,2019-10-30,179.4199981689453,176.38999938964844,177.7899932861328,179.25,5374800.0,178.12347412109375
2474,2019-10-31,179.6999969482422,178.00999450683594,179.25,178.86000061035156,6830800.0,177.73594665527344
2475,2019-11-01,181.32000732421875,179.55999755859375,180.1300048828125,180.92999267578125,7000100.0,179.79290771484375
2476,2019-11-04,182.39999389648438,178.80999755859375,182.0800018310547,178.9499969482422,7154800.0,177.82537841796875
2477,2019-11-05,179.55999755859375,175.17999267578125,179.07000732421875,176.3699951171875,7447500.0,175.2615966796875
2478,2019-11-06,178.19000244140625,176.13999938964844,176.3699951171875,176.77000427246094,6992500.0,175.65907287597656
2479,2019-11-07,180.64999389648438,176.85000610351562,177.35000610351562,178.42999267578125,7227200.0,177.3086395263672
2480,2019-11-08,179.4499969482422,177.8000030517578,178.3800048828125,178.97000122070312,3894100.0,177.8452606201172
2481,2019-11-11,180.36000061035156,178.1999969482422,178.5,179.5399932861328,3617300.0,178.4116668701172
2482,2019-11-12,181.05999755859375,178.8800048828125,179.94000244140625,179.74000549316406,6118700.0,178.61041259765625
2483,2019-11-13,180.8800048828125,177.89999389648438,179.39999389648438,179.41000366210938,6138300.0,178.282470703125
2484,2019-11-14,179.77000427246094,178.05999755859375,179.0,179.75,9811000.0,178.91952514648438
2485,2019-11-15,180.67999267578125,179.0800018310547,180.02999877929688,179.77000427246094,7808800.0,178.93943786621094
2486,2019-11-18,180.32000732421875,178.97999572753906,179.57000732421875,179.66000366210938,7173700.0,178.82994079589844
2487,2019-11-19,182.97999572753906,180.1999969482422,180.38999938964844,182.77000427246094,8549900.0,181.9255828857422
2488,2019-11-20,183.22000122070312,180.35000610351562,182.30999755859375,181.66000366210938,6040500.0,180.82069396972656
2489,2019-11-21,181.80999755859375,179.32000732421875,181.1699981689453,179.88999938964844,5112200.0,179.0588836669922
2490,2019-11-22,180.47000122070312,178.35000610351562,180.1300048828125,179.47000122070312,6865600.0,178.64080810546875
2491,2019-11-25,181.35000610351562,180.11000061035156,180.39999389648438,180.97000122070312,5457800.0,180.13389587402344
2492,2019-11-26,182.9199981689453,181.2100067138672,181.4600067138672,182.5500030517578,7079000.0,181.7065887451172
2493,2019-11-27,184.5399932861328,182.25999450683594,183.0,184.3699951171875,11452700.0,183.51817321777344
2494,2019-11-29,184.85000610351562,183.36000061035156,183.92999267578125,184.50999450683594,3139100.0,183.65753173828125
2495,2019-12-02,184.3699951171875,179.8699951171875,184.24000549316406,181.7899932861328,6883200.0,180.95008850097656
2496,2019-12-03,182.13999938964844,179.66000366210938,179.89999389648438,181.89999389648438,4543300.0,181.05958557128906
2497,2019-12-04,182.66000366210938,180.47000122070312,182.66000366210938,180.60000610351562,10650400.0,179.76560974121094
2498,2019-12-05,182.02999877929688,180.07000732421875,181.25,181.88999938964844,4638600.0,181.0496368408203
2499,2019-12-06,183.27999877929688,181.33999633789062,182.74000549316406,182.1699981689453,14526700.0,181.32833862304688
2500,2019-12-09,183.25999450683594,181.3000030517578,181.89999389648438,182.9199981689453,10233100.0,182.0748748779297
2501,2019-12-10,183.14999389648438,181.89999389648438,182.5500030517578,182.25999450683594,8625700.0,181.4179229736328
2502,2019-12-11,183.0800018310547,181.19000244140625,183.07000732421875,182.00999450683594,7138800.0,181.16908264160156
2503,2019-12-12,183.3300018310547,180.8300018310547,181.66000366210938,182.63999938964844,11192100.0,181.79617309570312
2504,2019-12-13,185.52000427246094,182.0399932861328,182.5,185.13999938964844,8558100.0,184.2846221923828
2505,2019-12-16,186.82000732421875,185.77000427246094,186.3300018310547,186.24000549316406,8249900.0,185.37954711914062
2506,2019-12-17,186.77999877929688,184.10000610351562,186.5,185.52000427246094,10208700.0,184.66287231445312
2507,2019-12-18,186.44000244140625,184.89999389648438,185.52000427246094,184.89999389648438,8968500.0,184.04571533203125
2508,2019-12-19,186.5800018310547,184.5,184.5,186.5399932861328,5854200.0,185.67813110351562
2509,2019-12-20,188.1699981689453,186.3000030517578,187.60000610351562,188.0,11259500.0,187.1313934326172
2510,2019-12-23,188.41000366210938,187.0,188.14999389648438,187.0800018310547,5831700.0,186.2156524658203
2511,2019-12-24,188.02000427246094,186.91000366210938,187.10000610351562,187.57000732421875,2420900.0,186.7034149169922
2512,2019-12-26,189.17999267578125,187.6999969482422,187.88999938964844,189.16000366210938,5237000.0,188.28604125976562
2513,2019-12-27,189.88999938964844,188.47000122070312,189.74000549316406,189.38999938964844,5448600.0,188.51498413085938
2514,2019-12-30,189.47999572753906,187.1199951171875,189.30999755859375,187.8300018310547,4833600.0,186.9622039794922
2515,2019-12-31,188.0,186.5399932861328,187.05999755859375,187.89999389648438,5273000.0,187.0318603515625
2516,2020-01-02,191.13999938964844,188.72000122070312,189.0,191.1199951171875,8733000.0,190.23699951171875
2517,2020-01-03,190.9600067138672,187.9199981689453,188.41000366210938,189.60000610351562,4899700.0,188.72401428222656
2518,2020-01-06,189.2100067138672,187.16000366210938,188.0,189.19000244140625,10109500.0,188.31591796875
2519,2020-01-07,190.10000610351562,188.60000610351562,189.58999633789062,188.69000244140625,4392300.0,187.81822204589844
2520,2020-01-08,192.5,188.8000030517578,189.49000549316406,191.9199981689453,5712000.0,191.03329467773438
2521,2020-01-09,193.9199981689453,192.52000427246094,193.0,193.25,6748000.0,192.35714721679688
2522,2020-01-10,194.57000732421875,193.11000061035156,193.5,193.77000427246094,6586400.0,192.87474060058594
2523,2020-01-13,195.60000610351562,194.27999877929688,194.44000244140625,195.3300018310547,11290500.0,194.4275360107422
2524,2020-01-14,196.9499969482422,195.13999938964844,196.74000549316406,196.0500030517578,6236500.0,195.14422607421875
2525,2020-01-15,200.14999389648438,196.32000732421875,197.0,199.8000030517578,10831100.0,198.8769073486328
2526,2020-01-16,201.5,199.77999877929688,201.0,200.9499969482422,9983700.0,200.02157592773438
2527,2020-01-17,204.75,199.97999572753906,201.75999450683594,204.6999969482422,12518900.0,203.75425720214844
2528,2020-01-21,208.38999938964844,203.8000030517578,204.1300048828125,207.2899932861328,14861700.0,206.332275390625
2529,2020-01-22,210.1300048828125,207.2899932861328,207.50999450683594,207.89999389648438,8065000.0,206.939453125
2530,2020-01-23,208.39999389648438,205.3000030517578,207.89999389648438,206.52000427246094,8520800.0,205.56585693359375
2531,2020-01-24,207.99000549316406,204.2100067138672,207.4199981689453,205.0,7812900.0,204.0528564453125
2532,2020-01-27,203.3300018310547,199.10000610351562,200.0,201.69000244140625,7198900.0,200.75816345214844
2533,2020-01-28,203.83999633789062,201.77999877929688,202.38999938964844,202.85000610351562,7215700.0,201.91281127929688
2534,2020-01-29,205.9199981689453,202.50999450683594,204.3000030517578,204.86000061035156,7041700.0,203.91351318359375
2535,2020-01-30,208.5,203.32000732421875,204.0,208.2100067138672,8571900.0,207.24803161621094
2536,2020-01-31,203.97999572753906,198.25999450683594,201.49000549316406,198.97000122070312,16699600.0,198.0507354736328
2537,2020-02-03,202.25999450683594,199.85000610351562,199.94000244140625,200.80999755859375,10887900.0,199.88221740722656
2538,2020-02-04,204.9199981689453,202.22999572753906,203.5,203.55999755859375,10205900.0,202.6195068359375
2539,2020-02-05,205.60000610351562,199.9499969482422,205.5,202.80999755859375,8672400.0,201.8729705810547
2540,2020-02-06,204.6300048828125,202.47999572753906,203.0500030517578,203.0399932861328,7001200.0,202.1019287109375
2541,2020-02-07,203.8300018310547,201.08999633789062,201.97999572753906,202.74000549316406,5691100.0,201.80331420898438
2542,2020-02-10,206.1300048828125,201.86000061035156,201.97000122070312,205.99000549316406,6239500.0,205.03829956054688
2543,2020-02-11,207.6699981689453,203.63999938964844,207.5,203.94000244140625,10231900.0,202.99777221679688
2544,2020-02-12,208.14999389648438,205.0,205.0,207.44000244140625,7355800.0,206.48159790039062
2545,2020-02-13,208.47000122070312,206.0500030517578,206.6199951171875,207.39999389648438,9495300.0,206.74075317382812
2546,2020-02-14,210.77999877929688,208.00999450683594,208.2899932861328,210.2899932861328,6548800.0,209.62158203125
2547,2020-02-18,211.5,209.36000061035156,210.0,211.1999969482422,7651500.0,210.5286865234375
2548,2020-02-19,214.1699981689453,211.72000122070312,212.52000427246094,213.30999755859375,5927500.0,212.63197326660156
2549,2020-02-20,213.69000244140625,208.27999877929688,212.1300048828125,211.4499969482422,8531900.0,210.7778778076172
2550,2020-02-21,210.22000122070312,207.4199981689453,209.89999389648438,208.80999755859375,9231500.0,208.1462860107422
2551,2020-02-24,203.77000427246094,194.00999450683594,197.88999938964844,198.7899932861328,13316800.0,198.15811157226562
2552,2020-02-25,199.88999938964844,187.72000122070312,198.7899932861328,188.39999389648438,18539000.0,187.80116271972656
2553,2020-02-26,193.50999450683594,187.02999877929688,190.0,187.2100067138672,14214700.0,186.6149444580078
2554,2020-02-27,186.33999633789062,180.0,182.1199951171875,180.00999450683594,17524400.0,179.4378204345703
2555,2020-02-28,182.3300018310547,172.97999572753906,173.7899932861328,181.75999450683594,22674700.0,181.1822509765625
2556,2020-03-02,192.44000244140625,183.10000610351562,186.32000732421875,192.3300018310547,17434500.0,191.71865844726562
2557,2020-03-03,194.0399932861328,184.5,193.1999969482422,185.72999572753906,15226400.0,185.13963317871094
2558,2020-03-04,194.49000549316406,186.1699981689453,190.36000061035156,194.2899932861328,10789100.0,193.67242431640625
2559,2020-03-05,191.9199981689453,185.63999938964844,191.24000549316406,186.9600067138672,10106900.0,186.36573791503906
2560,2020-03-06,185.99000549316406,179.97999572753906,183.5399932861328,184.36000061035156,15183200.0,183.7740020751953
2561,2020-03-09,179.57000732421875,168.30999755859375,171.2100067138672,171.1300048828125,20486400.0,170.5860595703125
2562,2020-03-10,182.61000061035156,171.8800048828125,179.47000122070312,182.60000610351562,16119400.0,182.01959228515625
2563,2020-03-11,178.72999572753906,170.1999969482422,177.64999389648438,172.9499969482422,14598200.0,172.40025329589844
2564,2020-03-12,172.0,156.99000549316406,158.5,160.0800018310547,27467700.0,159.5711669921875
2565,2020-03-13,176.32000732421875,162.2100067138672,168.72000122070312,175.8300018310547,19948900.0,175.2711181640625
2566,2020-03-16,165.30999755859375,147.97999572753906,151.13999938964844,152.00999450683594,23692000.0,151.5268096923828
2567,2020-03-17,163.6999969482422,149.25,155.75,157.88999938964844,22298000.0,157.3881378173828
2568,2020-03-18,150.67999267578125,139.8000030517578,148.4600067138672,148.47999572753906,22787500.0,148.00804138183594
2569,2020-03-19,157.25,141.47000122070312,146.9199981689453,152.25,19362800.0,151.7660675048828
2570,2020-03-20,158.25999450683594,145.6699981689453,154.82000732421875,146.8300018310547,18692100.0,146.36329650878906
2571,2020-03-23,143.35000610351562,133.92999267578125,141.3300018310547,135.74000549316406,30344100.0,135.3085479736328
2572,2020-03-24,155.25,143.5800018310547,144.83999633789062,154.52999877929688,24488300.0,154.038818359375
2573,2020-03-25,168.17999267578125,153.5800018310547,159.32000732421875,161.77999877929688,20619600.0,161.26577758789062
2574,2020-03-26,169.52999877929688,161.7899932861328,162.0800018310547,168.8800048828125,17062900.0,168.34320068359375
2575,2020-03-27,167.10000610351562,158.14999389648438,161.0800018310547,161.55999755859375,14950700.0,161.0464630126953
2576,2020-03-30,165.8699951171875,160.69000244140625,161.0399932861328,165.57000732421875,15714500.0,165.04373168945312
2577,2020-03-31,168.19000244140625,160.5399932861328,166.42999267578125,161.1199951171875,20613100.0,160.6078643798828
2578,2020-04-01,158.07000732421875,151.4199981689453,156.32000732421875,153.11000061035156,12595200.0,152.6233367919922
2579,2020-04-02,158.35000610351562,151.2899932861328,152.52999877929688,157.38999938964844,14051100.0,156.8897247314453
2580,2020-04-03,157.72000122070312,150.60000610351562,155.55999755859375,151.85000610351562,11994700.0,151.36734008789062
2581,2020-04-06,170.72999572753906,158.25,160.02000427246094,169.44000244140625,16479100.0,168.90142822265625
2582,2020-04-07,178.8000030517578,168.10000610351562,177.75999450683594,168.58999633789062,15379000.0,168.0541229248047
2583,2020-04-08,176.0,167.92999267578125,171.00999450683594,174.94000244140625,11146500.0,174.38394165039062
2584,2020-04-09,177.19000244140625,172.85000610351562,176.27000427246094,173.69000244140625,12231800.0,173.13790893554688
2585,2020-04-13,172.32000732421875,166.14999389648438,172.25999450683594,168.99000549316406,14043700.0,168.45285034179688
2586,2020-04-14,175.42999267578125,170.8300018310547,173.08999633789062,174.6199951171875,9980500.0,174.06494140625
2587,2020-04-15,169.36000061035156,164.9499969482422,168.6999969482422,165.9600067138672,12118700.0,165.4324951171875
2588,2020-04-16,168.0,159.8000030517578,167.11000061035156,162.4199981689453,20308200.0,161.9037322998047
2589,2020-04-17,170.99000549316406,164.9499969482422,169.64999389648438,169.5399932861328,15375800.0,169.0010986328125
2590,2020-04-20,167.42999267578125,163.1999969482422,167.3300018310547,164.22000122070312,10505200.0,163.69802856445312
2591,2020-04-21,162.57000732421875,159.14999389648438,162.0,160.52999877929688,10562100.0,160.01974487304688
2592,2020-04-22,167.6999969482422,162.9199981689453,164.66000366210938,166.58999633789062,14512900.0,166.06048583984375
2593,2020-04-23,170.41000366210938,166.2100067138672,167.8800048828125,166.3800048828125,11411300.0,165.8511505126953
2594,2020-04-24,168.75,164.00999450683594,168.44000244140625,167.32000732421875,8393600.0,166.7881622314453
2595,2020-04-27,172.35000610351562,168.5500030517578,168.64999389648438,171.75999450683594,9903300.0,171.21405029296875
2596,2020-04-28,175.00999450683594,170.3800048828125,175.0,171.25,8614400.0,170.70565795898438
2597,2020-04-29,182.25,176.10000610351562,176.85000610351562,181.7899932861328,12862800.0,181.212158203125
2598,2020-04-30,181.8300018310547,177.66000366210938,181.77999877929688,178.72000122070312,11302200.0,178.1519317626953
2599,2020-05-01,179.63999938964844,174.27000427246094,174.4499969482422,175.57000732421875,10109600.0,175.01194763183594
2600,2020-05-04,176.94000244140625,171.72000122070312,172.9499969482422,176.14999389648438,9386200.0,175.590087890625
2601,2020-05-05,181.10000610351562,178.25999450683594,179.08999633789062,178.44000244140625,13513000.0,177.87281799316406
2602,2020-05-06,180.50999450683594,177.8800048828125,179.72000122070312,178.77999877929688,8540500.0,178.2117462158203
2603,2020-05-07,184.97999572753906,181.7100067138672,181.75,182.72000122070312,9262200.0,182.1392059326172
2604,2020-05-08,185.75,183.6199951171875,185.02999877929688,185.08999633789062,6475200.0,184.5016632080078
2605,2020-05-11,184.6199951171875,181.42999267578125,183.8699951171875,183.55999755859375,8680400.0,182.97654724121094
2606,2020-05-12,183.99000549316406,179.3699951171875,183.55999755859375,179.47000122070312,8219700.0,178.8995361328125
2607,2020-05-13,181.08999633789062,175.0399932861328,178.5,177.08999633789062,13377100.0,176.8226776123047
2608,2020-05-14,181.0500030517578,173.82000732421875,175.94000244140625,180.89999389648438,9695100.0,180.62692260742188
2609,2020-05-15,184.13999938964844,178.8699951171875,179.97999572753906,183.49000549316406,10785900.0,183.21302795410156
2610,2020-05-18,192.8300018310547,187.47000122070312,188.0,191.3800048828125,11806300.0,191.09112548828125
2611,2020-05-19,194.5,189.22999572753906,191.13999938964844,189.36000061035156,7446800.0,189.07415771484375
2612,2020-05-20,194.99000549316406,192.41000366210938,193.0,193.86000061035156,9545600.0,193.56736755371094
2613,2020-05-21,193.6199951171875,190.02000427246094,193.5,190.6199951171875,11338100.0,190.33226013183594
2614,2020-05-22,191.3699951171875,189.22999572753906,191.0,190.86000061035156,5807600.0,190.5718994140625
2615,2020-05-26,196.27000427246094,192.75999450683594,195.8000030517578,193.22000122070312,9662200.0,192.9283447265625
2616,2020-05-27,194.30999755859375,188.52000427246094,194.30999755859375,192.82000732421875,7650300.0,192.52894592285156
2617,2020-05-28,198.2899932861328,192.7100067138672,193.5399932861328,194.25999450683594,8352200.0,193.96676635742188
2618,2020-05-29,196.74000549316406,193.27999877929688,194.5,195.24000549316406,10213500.0,194.94529724121094
2619,2020-06-01,195.8800048828125,193.52000427246094,194.7100067138672,194.35000610351562,6011300.0,194.056640625
2620,2020-06-02,197.52000427246094,194.9199981689453,195.94000244140625,196.36000061035156,8462100.0,196.0635986328125
2621,2020-06-03,198.13999938964844,195.57000732421875,198.0,196.8699951171875,8879400.0,196.57281494140625
2622,2020-06-04,196.4600067138672,193.1199951171875,195.97999572753906,193.63999938964844,7829800.0,193.3477020263672
2623,2020-06-05,199.77000427246094,195.47999572753906,196.1999969482422,199.61000061035156,8561200.0,199.30868530273438
2624,2020-06-08,199.9600067138672,197.1300048828125,199.5800018310547,199.60000610351562,7628100.0,199.2987060546875
2625,2020-06-09,201.6699981689453,198.24000549316406,198.36000061035156,199.0800018310547,6892300.0,198.7794952392578
2626,2020-06-10,202.17999267578125,198.9499969482422,199.89999389648438,200.47999572753906,8405300.0,200.1773681640625
2627,2020-06-11,196.36000061035156,188.75,195.13999938964844,188.8800048828125,11974600.0,188.5948944091797
2628,2020-06-12,195.0,187.85000610351562,194.2100067138672,192.25999450683594,11702900.0,191.96978759765625
2629,2020-06-15,192.47999572753906,186.2100067138672,187.0,191.75999450683594,6752700.0,191.4705352783203
2630,2020-06-16,198.3800048828125,191.8000030517578,196.86000061035156,192.8800048828125,11057200.0,192.58885192871094
2631,2020-06-17,195.3699951171875,193.05999755859375,193.66000366210938,193.55999755859375,5962700.0,193.267822265625
2632,2020-06-18,194.25,192.11000061035156,192.60000610351562,193.91000366210938,5803200.0,193.61729431152344
2633,2020-06-19,197.10000610351562,191.3699951171875,196.88999938964844,192.1999969482422,11483300.0,191.9098663330078
2634,2020-06-22,196.36000061035156,191.2899932861328,191.99000549316406,194.9600067138672,6674500.0,194.66571044921875
2635,2020-06-23,200.14999389648438,195.82000732421875,196.25,197.97000122070312,9866800.0,197.67117309570312
2636,2020-06-24,197.47999572753906,190.69000244140625,197.02000427246094,191.41000366210938,9453100.0,191.12107849121094
2637,2020-06-25,194.24000549316406,189.89999389648438,191.10000610351562,193.97999572753906,9936600.0,193.6871795654297
2638,2020-06-26,194.1300048828125,189.0800018310547,193.10000610351562,189.27000427246094,11836000.0,188.9842987060547
2639,2020-06-29,191.4499969482422,187.3000030517578,189.91000366210938,191.3800048828125,8020400.0,191.09112548828125
2640,2020-06-30,193.75,190.16000366210938,191.49000549316406,193.1699981689453,9040100.0,192.87841796875
2641,2020-07-01,195.35000610351562,192.66000366210938,193.85000610351562,193.77999877929688,6394100.0,193.48748779296875
2642,2020-07-02,197.9199981689453,195.0,196.0,195.6699981689453,6299300.0,195.3746337890625
2643,2020-07-06,199.17999267578125,195.67999267578125,198.72999572753906,197.75999450683594,7292200.0,197.4614715576172
2644,2020-07-07,198.89999389648438,193.80999755859375,196.80999755859375,194.1999969482422,7660100.0,193.9068603515625
2645,2020-07-08,195.52000427246094,193.1199951171875,195.0800018310547,195.07000732421875,8368000.0,194.7755584716797
2646,2020-07-09,195.49000549316406,189.9499969482422,195.0,192.2100067138672,8548200.0,191.91986083984375
2647,2020-07-10,192.82000732421875,189.44000244140625,191.64999389648438,192.5500030517578,7674200.0,192.2593536376953
2648,2020-07-13,195.19000244140625,188.6999969482422,193.61000061035156,189.02000427246094,8564100.0,188.73468017578125
2649,2020-07-14,193.47000122070312,187.17999267578125,189.5,193.3300018310547,8003900.0,193.03817749023438
2650,2020-07-15,197.77000427246094,194.5,195.22999572753906,196.5500030517578,7681100.0,196.25331115722656
2651,2020-07-16,195.7100067138672,192.52000427246094,195.3300018310547,193.5,5064000.0,193.20791625976562
2652,2020-07-17,195.57000732421875,193.1199951171875,194.8300018310547,195.08999633789062,6395000.0,194.79551696777344
2653,2020-07-20,199.47999572753906,193.6699981689453,194.74000549316406,198.47000122070312,6985300.0,198.17041015625
2654,2020-07-21,200.1699981689453,195.67999267578125,200.0,196.47999572753906,7219400.0,196.18341064453125
2655,2020-07-22,199.0,196.25,196.47999572753906,198.86000061035156,6823400.0,198.55982971191406
2656,2020-07-23,200.9499969482422,196.42999267578125,198.44000244140625,197.42999267578125,6106700.0,197.13197326660156
2657,2020-07-24,197.47999572753906,194.02999877929688,195.6699981689453,195.14999389648438,7160300.0,194.8554229736328
2658,2020-07-27,197.80999755859375,194.1999969482422,195.16000366210938,196.91000366210938,5604700.0,196.61277770996094
2659,2020-07-28,199.3699951171875,196.7100067138672,197.69000244140625,196.74000549316406,6897300.0,196.44302368164062
2660,2020-07-29,198.88999938964844,193.0500030517578,193.08999633789062,198.5800018310547,9471300.0,198.28024291992188
2661,2020-07-30,196.55999755859375,192.1199951171875,195.1999969482422,194.05999755859375,10499400.0,193.76705932617188
2662,2020-07-31,194.69000244140625,189.44000244140625,194.4199981689453,190.39999389648438,14186000.0,190.1125946044922
2663,2020-08-03,193.33999633789062,190.2100067138672,191.8000030517578,190.69000244140625,11405200.0,190.40216064453125
2664,2020-08-04,192.94000244140625,190.0800018310547,191.1300048828125,192.2899932861328,8204000.0,191.99974060058594
2665,2020-08-05,198.17999267578125,193.10000610351562,193.55999755859375,196.10000610351562,8907300.0,195.8040008544922
2666,2020-08-06,198.9199981689453,194.7899932861328,195.97999572753906,198.77000427246094,7480300.0,198.469970703125
2667,2020-08-07,197.97999572753906,195.3000030517578,197.58999633789062,196.36000061035156,5651600.0,196.0635986328125
2668,2020-08-10,198.30999755859375,195.3300018310547,196.36000061035156,196.7899932861328,5525400.0,196.49293518066406
2669,2020-08-11,202.88999938964844,196.33999633789062,197.82000732421875,197.77000427246094,11549600.0,197.47146606445312
2670,2020-08-12,200.22999572753906,198.24000549316406,199.0,198.74000549316406,5432500.0,198.44000244140625
2671,2020-08-13,199.94000244140625,197.02999877929688,197.1300048828125,197.5800018310547,7014800.0,197.5800018310547
2672,2020-08-14,198.07000732421875,195.77000427246094,197.00999450683594,196.63999938964844,5014400.0,196.63999938964844
2673,2020-08-17,200.4600067138672,196.7100067138672,197.3000030517578,199.42999267578125,6256200.0,199.42999267578125
2674,2020-08-18,200.10000610351562,196.82000732421875,199.97999572753906,199.00999450683594,6519900.0,199.00999450683594
2675,2020-08-19,202.83999633789062,198.89999389648438,198.9199981689453,200.99000549316406,9467600.0,200.99000549316406
2676,2020-08-20,204.44000244140625,199.60000610351562,199.89999389648438,204.14999389648438,8849200.0,204.14999389648438
2677,2020-08-21,205.13999938964844,203.33999633789062,204.5,204.1300048828125,9998300.0,204.1300048828125
2678,2020-08-24,206.4499969482422,204.6699981689453,205.00999450683594,206.41000366210938,6159600.0,206.41000366210938
2679,2020-08-25,208.1999969482422,205.5399932861328,207.19000244140625,208.10000610351562,5828300.0,208.10000610351562
2680,2020-08-26,210.8000030517578,207.3000030517578,208.10000610351562,210.25999450683594,7025700.0,210.25999450683594
2681,2020-08-27,212.17999267578125,209.16000366210938,211.2100067138672,209.17999267578125,4453552.0,209.17999267578125
